Position,Name + ID,Name,ID,Roster Position,Salary,Game Info,TeamAbbrev,AvgPointsPerGame
SP,Gerrit Cole (12704006),Gerrit Cole,12704006,P,12000,BOS@HOU 05/25/2019 07:15PM ET,HOU,23.74
SP,Justin Verlander (12704007),Justin Verlander,12704007,P,11500,BOS@HOU 05/25/2019 07:15PM ET,HOU,27.50
SP,Hyun-Jin Ryu (12703619),Hyun-Jin Ryu,12703619,P,11200,LAD@PIT 05/25/2019 07:15PM ET,LAD,23.41
SP,Chris Sale (12704008),Chris Sale,12704008,P,11200,BOS@HOU 05/25/2019 07:15PM ET,BOS,19.86
SP,Mike Minor (12703620),Mike Minor,12703620,P,10400,TEX@LAA 05/25/2019 10:07PM ET,TEX,22.15
SP,Rich Hill (12704009),Rich Hill,12704009,P,10200,LAD@PIT 05/25/2019 07:15PM ET,LAD,18.43
SP,Walker Buehler (12704010),Walker Buehler,12704010,P,9900,LAD@PIT 05/25/2019 07:15PM ET,LAD,16.91
SP,Clayton Kershaw (12704011),Clayton Kershaw,12704011,P,9800,LAD@PIT 05/25/2019 07:15PM ET,LAD,20.93
SP,Forrest Whitley (12704012),Forrest Whitley,12704012,P,9800,BOS@HOU 05/25/2019 07:15PM ET,HOU,0
RP,Dennis Santana (12704014),Dennis Santana,12704014,P,9700,LAD@PIT 05/25/2019 07:15PM ET,LAD,2.68
SP,Carlos Martinez (12704013),Carlos Martinez,12704013,P,9700,ATL@STL 05/25/2019 07:15PM ET,STL,3.6
SP,Jameson Taillon (12704015),Jameson Taillon,12704015,P,9500,LAD@PIT 05/25/2019 07:15PM ET,PIT,13.44
SP,Mike Soroka (12703621),Mike Soroka,12703621,P,9500,ATL@STL 05/25/2019 07:15PM ET,ATL,23.64
SP,Corbin Martin (12704016),Corbin Martin,12704016,P,9300,BOS@HOU 05/25/2019 07:15PM ET,HOU,10.17
SP,Kenta Maeda (12704017),Kenta Maeda,12704017,P,9200,LAD@PIT 05/25/2019 07:15PM ET,LAD,18.1
SP,Alex Reyes (12704019),Alex Reyes,12704019,P,9200,ATL@STL 05/25/2019 07:15PM ET,STL,-1.51
SP,Luiz Gohara (12704022),Luiz Gohara,12704022,P,9200,ATL@STL 05/25/2019 07:15PM ET,ATL,0
SP,German Marquez (12704018),German Marquez,12704018,P,9200,BAL@COL 05/25/2019 09:10PM ET,COL,18.93
SP,Jon Gray (12704021),Jon Gray,12704021,P,9200,BAL@COL 05/25/2019 09:10PM ET,COL,15.63
SP,Andrew Heaney (12704020),Andrew Heaney,12704020,P,9200,TEX@LAA 05/25/2019 10:07PM ET,LAA,0
SP,Jose Suarez (12704023),Jose Suarez,12704023,P,9200,TEX@LAA 05/25/2019 10:07PM ET,LAA,0
SP,Josh James (12704024),Josh James,12704024,P,9100,BOS@HOU 05/25/2019 07:15PM ET,HOU,5.24
SP,Brad Peacock (12703622),Brad Peacock,12703622,P,9000,BOS@HOU 05/25/2019 07:15PM ET,HOU,15.74
SP,Eduardo Rodriguez (12704025),Eduardo Rodriguez,12704025,P,8900,BOS@HOU 05/25/2019 07:15PM ET,BOS,14.58
SP,David Price (12703623),David Price,12703623,P,8800,BOS@HOU 05/25/2019 07:15PM ET,BOS,19.41
SP,John Lamb (12704026),John Lamb,12704026,P,8800,TEX@LAA 05/25/2019 10:07PM ET,LAA,0
SP,Sean Newcomb (12704027),Sean Newcomb,12704027,P,8700,ATL@STL 05/25/2019 07:15PM ET,ATL,4.00
SP,Yadier Alvarez (12704030),Yadier Alvarez,12704030,P,8600,LAD@PIT 05/25/2019 07:15PM ET,LAD,0
SP,Lance McCullers Jr. (12704028),Lance McCullers Jr.,12704028,P,8600,BOS@HOU 05/25/2019 07:15PM ET,HOU,0
SP,Griffin Canning (12704029),Griffin Canning,12704029,P,8600,TEX@LAA 05/25/2019 10:07PM ET,LAA,17.57
SP,Jordan Lyles (12704032),Jordan Lyles,12704032,P,8500,LAD@PIT 05/25/2019 07:15PM ET,PIT,19.54
SP,Ross Stripling (12704033),Ross Stripling,12704033,P,8500,LAD@PIT 05/25/2019 07:15PM ET,LAD,9.58
SP,Julio Teheran (12704031),Julio Teheran,12704031,P,8500,ATL@STL 05/25/2019 07:15PM ET,ATL,16.06
SP,Max Fried (12704034),Max Fried,12704034,P,8500,ATL@STL 05/25/2019 07:15PM ET,ATL,13.02
SP,Trevor Williams (12704036),Trevor Williams,12704036,P,8300,LAD@PIT 05/25/2019 07:15PM ET,PIT,14.94
SP,Kevin Gausman (12704035),Kevin Gausman,12704035,P,8300,ATL@STL 05/25/2019 07:15PM ET,ATL,14.81
RP,Austin Gomber (12704039),Austin Gomber,12704039,P,8300,ATL@STL 05/25/2019 07:15PM ET,STL,0
SP,Collin McHugh (12704037),Collin McHugh,12704037,P,8300,BOS@HOU 05/25/2019 07:15PM ET,HOU,11.37
SP,Nick Tropeano (12704038),Nick Tropeano,12704038,P,8300,TEX@LAA 05/25/2019 10:07PM ET,LAA,0
SP,Chad Kuhl (12704041),Chad Kuhl,12704041,P,8200,LAD@PIT 05/25/2019 07:15PM ET,PIT,0
SP,Joey Wentz (12704040),Joey Wentz,12704040,P,8200,ATL@STL 05/25/2019 07:15PM ET,ATL,0
SP,Ian Anderson (12704043),Ian Anderson,12704043,P,8100,ATL@STL 05/25/2019 07:15PM ET,ATL,0
SP,Rogelio Armenteros (12704042),Rogelio Armenteros,12704042,P,8100,BOS@HOU 05/25/2019 07:15PM ET,HOU,0
SP,Rick Porcello (12704044),Rick Porcello,12704044,P,8100,BOS@HOU 05/25/2019 07:15PM ET,BOS,13.25
SP,Julio Urias (12704047),Julio Urias,12704047,P,8000,LAD@PIT 05/25/2019 07:15PM ET,LAD,10.59
SP,Chris Archer (12704048),Chris Archer,12704048,P,8000,LAD@PIT 05/25/2019 07:15PM ET,PIT,11.86
SP,Jack Flaherty (12704045),Jack Flaherty,12704045,P,8000,ATL@STL 05/25/2019 07:15PM ET,STL,14.72
SP,Daniel Ponce de Leon (12704046),Daniel Ponce de Leon,12704046,P,8000,ATL@STL 05/25/2019 07:15PM ET,STL,20.25
SP,Travis Lakins (12704049),Travis Lakins,12704049,P,8000,BOS@HOU 05/25/2019 07:15PM ET,BOS,4.62
RP,Ryan Helsley (12704052),Ryan Helsley,12704052,P,7900,ATL@STL 05/25/2019 07:15PM ET,STL,7.1
SP,Dallas Keuchel (12704050),Dallas Keuchel,12704050,P,7900,BOS@HOU 05/25/2019 07:15PM ET,HOU,0
SP,Darwinzon Hernandez (12704051),Darwinzon Hernandez,12704051,P,7900,BOS@HOU 05/25/2019 07:15PM ET,BOS,10.25
SP,Mike Foltynewicz (12704053),Mike Foltynewicz,12704053,P,7800,ATL@STL 05/25/2019 07:15PM ET,ATL,9.77
SP,Adam Wainwright (12704054),Adam Wainwright,12704054,P,7800,ATL@STL 05/25/2019 07:15PM ET,STL,11.30
SP,Wade Miley (12704055),Wade Miley,12704055,P,7700,BOS@HOU 05/25/2019 07:15PM ET,HOU,14.59
SP,Dustin May (12704056),Dustin May,12704056,P,7600,LAD@PIT 05/25/2019 07:15PM ET,LAD,0
SP,Francisco Liriano (12704060),Francisco Liriano,12704060,P,7500,LAD@PIT 05/25/2019 07:15PM ET,PIT,4.46
SP,Bryse Wilson (12704057),Bryse Wilson,12704057,P,7500,ATL@STL 05/25/2019 07:15PM ET,ATL,2.18
SP,Kolby Allard (12704061),Kolby Allard,12704061,P,7500,ATL@STL 05/25/2019 07:15PM ET,ATL,0
SP,Brandon Bielak (12704059),Brandon Bielak,12704059,P,7500,BOS@HOU 05/25/2019 07:15PM ET,HOU,0
SP,Mike Shawaryn (12704062),Mike Shawaryn,12704062,P,7500,BOS@HOU 05/25/2019 07:15PM ET,BOS,0
SP,Felix Pena (12704058),Felix Pena,12704058,P,7500,TEX@LAA 05/25/2019 10:07PM ET,LAA,12.66
SP,Steven Wright (12704064),Steven Wright,12704064,P,7400,BOS@HOU 05/25/2019 07:15PM ET,BOS,0
SP,Cam Bedrosian (12704063),Cam Bedrosian,12704063,P,7400,TEX@LAA 05/25/2019 10:07PM ET,LAA,3.32
SP,Touki Toussaint (12704065),Touki Toussaint,12704065,P,7300,ATL@STL 05/25/2019 07:15PM ET,ATL,8.41
SP,Kyle Wright (12704066),Kyle Wright,12704066,P,7300,ATL@STL 05/25/2019 07:15PM ET,ATL,5.3
SP,Brandon McCarthy (12704067),Brandon McCarthy,12704067,P,7300,ATL@STL 05/25/2019 07:15PM ET,ATL,0
SP,Miles Mikolas (12704068),Miles Mikolas,12704068,P,7300,ATL@STL 05/25/2019 07:15PM ET,STL,12.37
SP,Tyler Skaggs (12703624),Tyler Skaggs,12703624,P,7300,TEX@LAA 05/25/2019 10:07PM ET,LAA,13.45
SP,Clay Holmes (12704071),Clay Holmes,12704071,P,7200,LAD@PIT 05/25/2019 07:15PM ET,PIT,6.59
SP,Mitch Keller (12704072),Mitch Keller,12704072,P,7200,LAD@PIT 05/25/2019 07:15PM ET,PIT,0
SP,Josh Tomlin (12704073),Josh Tomlin,12704073,P,7200,ATL@STL 05/25/2019 07:15PM ET,ATL,2.96
SP,J.B. Bukauskas (12704069),J.B. Bukauskas,12704069,P,7200,BOS@HOU 05/25/2019 07:15PM ET,HOU,0
SP,Taylor Hearn (12704070),Taylor Hearn,12704070,P,7200,TEX@LAA 05/25/2019 10:07PM ET,TEX,-11.45
SP,Huascar Ynoa (12704074),Huascar Ynoa,12704074,P,7100,ATL@STL 05/25/2019 07:15PM ET,ATL,0
SP,Rico Garcia (12704075),Rico Garcia,12704075,P,7100,BAL@COL 05/25/2019 09:10PM ET,COL,0
SP,Nathan Eovaldi (12704076),Nathan Eovaldi,12704076,P,7000,BOS@HOU 05/25/2019 07:15PM ET,BOS,7.86
SP,Brock Burke (12704077),Brock Burke,12704077,P,7000,TEX@LAA 05/25/2019 10:07PM ET,TEX,0
SP,Dillon Peters (12704078),Dillon Peters,12704078,P,7000,TEX@LAA 05/25/2019 10:07PM ET,LAA,3.05
SP,Williams Perez (12704080),Williams Perez,12704080,P,6900,ATL@STL 05/25/2019 07:15PM ET,STL,0
SP,Genesis Cabrera (12704081),Genesis Cabrera,12704081,P,6900,ATL@STL 05/25/2019 07:15PM ET,STL,0
SP,Jaime Barria (12704079),Jaime Barria,12704079,P,6900,TEX@LAA 05/25/2019 10:07PM ET,LAA,4.36
SP,Joe Musgrove (12703625),Joe Musgrove,12703625,P,6800,LAD@PIT 05/25/2019 07:15PM ET,PIT,10.06
SP,Kyle Muller (12704085),Kyle Muller,12704085,P,6800,ATL@STL 05/25/2019 07:15PM ET,ATL,0
SP,Dylan Bundy (12704083),Dylan Bundy,12704083,P,6800,BAL@COL 05/25/2019 09:10PM ET,BAL,13.3
SP,Jeff Hoffman (12704084),Jeff Hoffman,12704084,P,6800,BAL@COL 05/25/2019 09:10PM ET,COL,6.75
SP,Lance Lynn (12704082),Lance Lynn,12704082,P,6800,TEX@LAA 05/25/2019 10:07PM ET,TEX,16.66
SP,Jason Hammel (12704086),Jason Hammel,12704086,P,6700,TEX@LAA 05/25/2019 10:07PM ET,TEX,0
RP,Brett Martin (12704087),Brett Martin,12704087,P,6700,TEX@LAA 05/25/2019 10:07PM ET,TEX,1.08
SP,Nick Kingham (12704089),Nick Kingham,12704089,P,6600,LAD@PIT 05/25/2019 07:15PM ET,PIT,2.56
SP,Michael Wacha (12704088),Michael Wacha,12704088,P,6600,ATL@STL 05/25/2019 07:15PM ET,STL,10.84
SP,Steven Brault (12704090),Steven Brault,12704090,P,6500,LAD@PIT 05/25/2019 07:15PM ET,PIT,4.42
SP,John Means (12704092),John Means,12704092,P,6500,BAL@COL 05/25/2019 09:10PM ET,BAL,11.41
SP,Jordan Romano (12704091),Jordan Romano,12704091,P,6500,TEX@LAA 05/25/2019 10:07PM ET,TEX,0
SP,Tony Gonsolin (12704094),Tony Gonsolin,12704094,P,6400,LAD@PIT 05/25/2019 07:15PM ET,LAD,0
SP,Antonio Senzatela (12704097),Antonio Senzatela,12704097,P,6400,BAL@COL 05/25/2019 09:10PM ET,COL,7.56
SP,Drew Smyly (12704093),Drew Smyly,12704093,P,6400,TEX@LAA 05/25/2019 10:07PM ET,TEX,8.62
SP,Jonathan Hernandez (12704095),Jonathan Hernandez,12704095,P,6400,TEX@LAA 05/25/2019 10:07PM ET,TEX,0
SP,Edinson Volquez (12704096),Edinson Volquez,12704096,P,6400,TEX@LAA 05/25/2019 10:07PM ET,TEX,3.22
SP,Tyler Anderson (12704098),Tyler Anderson,12704098,P,6300,BAL@COL 05/25/2019 09:10PM ET,COL,2.42
SP,Yefry Ramirez (12704099),Yefry Ramirez,12704099,P,6300,BAL@COL 05/25/2019 09:10PM ET,BAL,4.01
SP,Peter Lambert (12704100),Peter Lambert,12704100,P,6300,BAL@COL 05/25/2019 09:10PM ET,COL,0
SP,Chi Chi Gonzalez (12704102),Chi Chi Gonzalez,12704102,P,6200,BAL@COL 05/25/2019 09:10PM ET,COL,0
SP,Doug Fister (12704101),Doug Fister,12704101,P,6200,TEX@LAA 05/25/2019 10:07PM ET,TEX,0
SP,J.T. Brubaker (12704104),J.T. Brubaker,12704104,P,6100,LAD@PIT 05/25/2019 07:15PM ET,PIT,0
SP,Trevor Cahill (12704103),Trevor Cahill,12704103,P,6100,TEX@LAA 05/25/2019 10:07PM ET,LAA,7.59
SP,Dakota Hudson (12703626),Dakota Hudson,12703626,P,6000,ATL@STL 05/25/2019 07:15PM ET,STL,9.52
SP,Luis Madero (12704105),Luis Madero,12704105,P,6000,TEX@LAA 05/25/2019 10:07PM ET,LAA,0
1B/OF,Cody Bellinger (12703629),Cody Bellinger,12703629,1B/OF,5900,LAD@PIT 05/25/2019 07:15PM ET,LAD,12.86
SP,Ryan Weber (12704106),Ryan Weber,12704106,P,5900,BOS@HOU 05/25/2019 07:15PM ET,BOS,11.28
SP,Shelby Miller (12704107),Shelby Miller,12704107,P,5900,TEX@LAA 05/25/2019 10:07PM ET,TEX,0.69
SP,Luis Escobar (12704108),Luis Escobar,12704108,P,5800,LAD@PIT 05/25/2019 07:15PM ET,PIT,0
SP,Chris Stratton (12704110),Chris Stratton,12704110,P,5800,LAD@PIT 05/25/2019 07:15PM ET,PIT,3.43
OF,Charlie Blackmon (12703631),Charlie Blackmon,12703631,OF,5800,BAL@COL 05/25/2019 09:10PM ET,COL,10.41
SP,Chad Bettis (12704109),Chad Bettis,12704109,P,5800,BAL@COL 05/25/2019 09:10PM ET,COL,2.57
SP,Dario Agrazal (12704111),Dario Agrazal,12704111,P,5700,LAD@PIT 05/25/2019 07:15PM ET,PIT,0
RP,Kenley Jansen (12704116),Kenley Jansen,12704116,P,5700,LAD@PIT 05/25/2019 07:15PM ET,LAD,3.97
SP,Patrick Weigel (12704112),Patrick Weigel,12704112,P,5700,ATL@STL 05/25/2019 07:15PM ET,ATL,0
RP,Andrew Miller (12704115),Andrew Miller,12704115,P,5700,ATL@STL 05/25/2019 07:15PM ET,STL,2.59
OF,George Springer (12703632),George Springer,12703632,OF,5700,BOS@HOU 05/25/2019 07:15PM ET,HOU,11.56
RP,Matt Barnes (12704117),Matt Barnes,12704117,P,5700,BOS@HOU 05/25/2019 07:15PM ET,BOS,5.65
SP,Yovani Gallardo (12704113),Yovani Gallardo,12704113,P,5700,TEX@LAA 05/25/2019 10:07PM ET,TEX,0
SP,Jesus Castillo (12704114),Jesus Castillo,12704114,P,5700,TEX@LAA 05/25/2019 10:07PM ET,LAA,0
SP,Aaron Slegers (12704118),Aaron Slegers,12704118,P,5600,LAD@PIT 05/25/2019 07:15PM ET,PIT,0
3B,Nolan Arenado (12703633),Nolan Arenado,12703633,3B,5600,BAL@COL 05/25/2019 09:10PM ET,COL,10.5
SP,Rookie Davis (12704119),Rookie Davis,12704119,P,5500,LAD@PIT 05/25/2019 07:15PM ET,PIT,0
SP,Hector Velazquez (12704121),Hector Velazquez,12704121,P,5500,BOS@HOU 05/25/2019 07:15PM ET,BOS,3.93
SP,Kyle Freeland (12703627),Kyle Freeland,12703627,P,5500,BAL@COL 05/25/2019 09:10PM ET,COL,10.16
1B/OF,Trey Mancini (12703634),Trey Mancini,12703634,1B/OF,5500,BAL@COL 05/25/2019 09:10PM ET,BAL,8.69
SP,Matt Harvey (12704120),Matt Harvey,12704120,P,5500,TEX@LAA 05/25/2019 10:07PM ET,LAA,6.04
SS,Trevor Story (12703636),Trevor Story,12703636,SS,5400,BAL@COL 05/25/2019 09:10PM ET,COL,10.47
SP,Jesus Tinoco (12704123),Jesus Tinoco,12704123,P,5400,BAL@COL 05/25/2019 09:10PM ET,COL,0
SP,David Hess (12704124),David Hess,12704124,P,5400,BAL@COL 05/25/2019 09:10PM ET,BAL,7.56
SP,Jose Leclerc (12704122),Jose Leclerc,12704122,P,5400,TEX@LAA 05/25/2019 10:07PM ET,TEX,3.38
RP,Cody Allen (12704125),Cody Allen,12704125,P,5400,TEX@LAA 05/25/2019 10:07PM ET,LAA,2.09
RP,Chris Devenski (12704127),Chris Devenski,12704127,P,5300,BOS@HOU 05/25/2019 07:15PM ET,HOU,2.56
OF,Joey Gallo (12703637),Joey Gallo,12703637,OF,5300,TEX@LAA 05/25/2019 10:07PM ET,TEX,11.35
SP,Bartolo Colon (12704126),Bartolo Colon,12704126,P,5300,TEX@LAA 05/25/2019 10:07PM ET,TEX,0
OF,Joc Pederson (12703638),Joc Pederson,12703638,OF,5200,LAD@PIT 05/25/2019 07:15PM ET,LAD,8.33
RP,Will Harris (12704129),Will Harris,12704129,P,5200,BOS@HOU 05/25/2019 07:15PM ET,HOU,3.24
SP,Alex Cobb (12704128),Alex Cobb,12704128,P,5200,BAL@COL 05/25/2019 09:10PM ET,BAL,-0.02
RP,Shawn Armstrong (12704130),Shawn Armstrong,12704130,P,5200,BAL@COL 05/25/2019 09:10PM ET,BAL,1.91
1B,Josh Bell (12703639),Josh Bell,12703639,1B,5100,LAD@PIT 05/25/2019 07:15PM ET,PIT,11.35
RP,Felipe Vazquez (12704132),Felipe Vazquez,12704132,P,5100,LAD@PIT 05/25/2019 07:15PM ET,PIT,5.12
RP,Giovanny Gallegos (12704131),Giovanny Gallegos,12704131,P,5100,ATL@STL 05/25/2019 07:15PM ET,STL,4.63
1B,Freddie Freeman (12703641),Freddie Freeman,12703641,1B,5000,ATL@STL 05/25/2019 07:15PM ET,ATL,9.96
SP,Andrew Cashner (12703628),Andrew Cashner,12703628,P,5000,BAL@COL 05/25/2019 09:10PM ET,BAL,13.16
OF,Dwight Smith Jr. (12703640),Dwight Smith Jr.,12703640,OF,5000,BAL@COL 05/25/2019 09:10PM ET,BAL,8.42
SP,Dillon Tate (12704135),Dillon Tate,12704135,P,5000,BAL@COL 05/25/2019 09:10PM ET,BAL,0
SP,Jesse Chavez (12704133),Jesse Chavez,12704133,P,5000,TEX@LAA 05/25/2019 10:07PM ET,TEX,2.22
SP,Adrian Sampson (12704134),Adrian Sampson,12704134,P,5000,TEX@LAA 05/25/2019 10:07PM ET,TEX,7.44
SP,Jake Woodford (12704136),Jake Woodford,12704136,P,4900,ATL@STL 05/25/2019 07:15PM ET,STL,0
OF,Mookie Betts (12703643),Mookie Betts,12703643,OF,4900,BOS@HOU 05/25/2019 07:15PM ET,BOS,9.74
OF,J.D. Martinez (12703644),J.D. Martinez,12703644,OF,4900,BOS@HOU 05/25/2019 07:15PM ET,BOS,9.02
RP,Hector Rondon (12704137),Hector Rondon,12704137,P,4900,BOS@HOU 05/25/2019 07:15PM ET,HOU,3.08
OF,Raimel Tapia (12703642),Raimel Tapia,12703642,OF,4900,BAL@COL 05/25/2019 09:10PM ET,COL,6.18
1B,Renato Nunez (12703646),Renato Nunez,12703646,1B,4900,BAL@COL 05/25/2019 09:10PM ET,BAL,6.88
RP,Tanner Scott (12704138),Tanner Scott,12704138,P,4900,BAL@COL 05/25/2019 09:10PM ET,BAL,2.2
OF,Corey Dickerson (12703651),Corey Dickerson,12703651,OF,4800,LAD@PIT 05/25/2019 07:15PM ET,PIT,6.75
SP,Montana DuRapau (12704142),Montana DuRapau,12704142,P,4800,LAD@PIT 05/25/2019 07:15PM ET,PIT,3.74
OF,Ronald Acuna Jr. (12703648),Ronald Acuna Jr.,12703648,OF,4800,ATL@STL 05/25/2019 07:15PM ET,ATL,9.20
RP,Grant Dayton (12704140),Grant Dayton,12704140,P,4800,ATL@STL 05/25/2019 07:15PM ET,ATL,1.6
2B/3B,Michael Chavis (12703656),Michael Chavis,12703656,2B/3B,4800,BOS@HOU 05/25/2019 07:15PM ET,BOS,9.97
1B,Daniel Murphy (12703645),Daniel Murphy,12703645,1B,4800,BAL@COL 05/25/2019 09:10PM ET,COL,6.54
SP,Dan Straily (12704139),Dan Straily,12704139,P,4800,BAL@COL 05/25/2019 09:10PM ET,BAL,0.67
RP,Mychal Givens (12704141),Mychal Givens,12704141,P,4800,BAL@COL 05/25/2019 09:10PM ET,BAL,3.36
OF,Mike Trout (12703647),Mike Trout,12703647,OF,4800,TEX@LAA 05/25/2019 10:07PM ET,LAA,10.51
OF,Hunter Pence (12703649),Hunter Pence,12703649,OF,4800,TEX@LAA 05/25/2019 10:07PM ET,TEX,9.85
SS,Elvis Andrus (12703650),Elvis Andrus,12703650,SS,4800,TEX@LAA 05/25/2019 10:07PM ET,TEX,10.10
1B/2B,Max Muncy (12703652),Max Muncy,12703652,1B/2B,4700,LAD@PIT 05/25/2019 07:15PM ET,LAD,7.82
SP,Caleb Ferguson (12704143),Caleb Ferguson,12704143,P,4700,LAD@PIT 05/25/2019 07:15PM ET,LAD,2.15
RP,Pedro Baez (12704146),Pedro Baez,12704146,P,4700,LAD@PIT 05/25/2019 07:15PM ET,LAD,3.27
RP,Dan Winkler (12704145),Dan Winkler,12704145,P,4700,ATL@STL 05/25/2019 07:15PM ET,ATL,3.09
2B,Jose Altuve (12703658),Jose Altuve,12703658,2B,4700,BOS@HOU 05/25/2019 07:15PM ET,HOU,7.87
3B,Alex Bregman (12703659),Alex Bregman,12703659,3B,4700,BOS@HOU 05/25/2019 07:15PM ET,HOU,9.54
2B/SS,Jonathan Villar (12703654),Jonathan Villar,12703654,2B/SS,4700,BAL@COL 05/25/2019 09:10PM ET,BAL,7.63
SP,Taylor Guerrieri (12704144),Taylor Guerrieri,12704144,P,4700,TEX@LAA 05/25/2019 10:07PM ET,TEX,0
RP,Noe Ramirez (12704147),Noe Ramirez,12704147,P,4700,TEX@LAA 05/25/2019 10:07PM ET,LAA,4.04
RP,Josh Sborz (12704148),Josh Sborz,12704148,P,4600,LAD@PIT 05/25/2019 07:15PM ET,LAD,0
RP,Joe Kelly (12704150),Joe Kelly,12704150,P,4600,LAD@PIT 05/25/2019 07:15PM ET,LAD,1.67
OF,Marcell Ozuna (12703662),Marcell Ozuna,12703662,OF,4600,ATL@STL 05/25/2019 07:15PM ET,STL,9.79
RP,Luke Gregerson (12704149),Luke Gregerson,12704149,P,4600,ATL@STL 05/25/2019 07:15PM ET,STL,-0.08
SS,Carlos Correa (12703663),Carlos Correa,12703663,SS,4600,BOS@HOU 05/25/2019 07:15PM ET,HOU,8.81
1B/2B,Ryan McMahon (12703660),Ryan McMahon,12703660,1B/2B,4600,BAL@COL 05/25/2019 09:10PM ET,COL,6.89
RP,Yency Almonte (12704152),Yency Almonte,12704152,P,4600,BAL@COL 05/25/2019 09:10PM ET,COL,3.37
RP,Ty Buttrey (12704151),Ty Buttrey,12704151,P,4600,TEX@LAA 05/25/2019 10:07PM ET,LAA,4.47
SS,Paul DeJong (12703664),Paul DeJong,12703664,SS,4500,ATL@STL 05/25/2019 07:15PM ET,STL,9.48
RP,Chasen Shreve (12704153),Chasen Shreve,12704153,P,4500,ATL@STL 05/25/2019 07:15PM ET,STL,0
RP,Anthony Swarzak (12704156),Anthony Swarzak,12704156,P,4500,ATL@STL 05/25/2019 07:15PM ET,ATL,3.14
1B,Mitch Moreland (12703665),Mitch Moreland,12703665,1B,4500,BOS@HOU 05/25/2019 07:15PM ET,BOS,8.36
3B,Rafael Devers (12703672),Rafael Devers,12703672,3B,4500,BOS@HOU 05/25/2019 07:15PM ET,BOS,8.96
RP,Dean Deetz (12704154),Dean Deetz,12704154,P,4500,BOS@HOU 05/25/2019 07:15PM ET,HOU,0
RP,Colten Brewer (12704158),Colten Brewer,12704158,P,4500,BOS@HOU 05/25/2019 07:15PM ET,BOS,2.02
SP,Josh Rogers (12704155),Josh Rogers,12704155,P,4500,BAL@COL 05/25/2019 09:10PM ET,BAL,-3.35
1B/2B,Danny Santana (12703669),Danny Santana,12703669,1B/2B,4500,TEX@LAA 05/25/2019 10:07PM ET,TEX,8.67
OF,Willie Calhoun (12703677),Willie Calhoun,12703677,OF,4500,TEX@LAA 05/25/2019 10:07PM ET,TEX,12
RP,Justin Anderson (12704157),Justin Anderson,12704157,P,4500,TEX@LAA 05/25/2019 10:07PM ET,LAA,4.19
3B/OF,Austin Riley (12703678),Austin Riley,12703678,3B/OF,4400,ATL@STL 05/25/2019 07:15PM ET,ATL,12.3
RP,Jerry Blevins (12704160),Jerry Blevins,12704160,P,4400,ATL@STL 05/25/2019 07:15PM ET,ATL,0.94
SS,Xander Bogaerts (12703673),Xander Bogaerts,12703673,SS,4400,BOS@HOU 05/25/2019 07:15PM ET,BOS,9.37
OF,Michael Brantley (12703675),Michael Brantley,12703675,OF,4400,BOS@HOU 05/25/2019 07:15PM ET,HOU,9.22
RP,Reymin Guduan (12704161),Reymin Guduan,12704161,P,4400,BOS@HOU 05/25/2019 07:15PM ET,HOU,1.67
OF,Ian Desmond (12703666),Ian Desmond,12703666,OF,4400,BAL@COL 05/25/2019 09:10PM ET,COL,6.16
2B/SS,Brendan Rodgers (12703667),Brendan Rodgers,12703667,2B/SS,4400,BAL@COL 05/25/2019 09:10PM ET,COL,7.8
OF,David Dahl (12703671),David Dahl,12703671,OF,4400,BAL@COL 05/25/2019 09:10PM ET,COL,7.08
OF,Stevie Wilkerson (12703676),Stevie Wilkerson,12703676,OF,4400,BAL@COL 05/25/2019 09:10PM ET,BAL,6.57
OF,Shin-soo Choo (12703674),Shin-soo Choo,12703674,OF,4400,TEX@LAA 05/25/2019 10:07PM ET,TEX,9.22
SP,Chris Tillman (12704159),Chris Tillman,12704159,P,4400,TEX@LAA 05/25/2019 10:07PM ET,TEX,0
OF,Lonnie Chisenhall (12703681),Lonnie Chisenhall,12703681,OF,4300,LAD@PIT 05/25/2019 07:15PM ET,PIT,0
RP,Josh Fields (12704165),Josh Fields,12704165,P,4300,LAD@PIT 05/25/2019 07:15PM ET,LAD,0
RP,Michael Feliz (12704167),Michael Feliz,12704167,P,4300,LAD@PIT 05/25/2019 07:15PM ET,PIT,2.7
RP,Seth Elledge (12704163),Seth Elledge,12704163,P,4300,ATL@STL 05/25/2019 07:15PM ET,STL,0
RP,Thomas Burrows (12704164),Thomas Burrows,12704164,P,4300,ATL@STL 05/25/2019 07:15PM ET,ATL,0
RP,Bryan Abreu (12704166),Bryan Abreu,12704166,P,4300,BOS@HOU 05/25/2019 07:15PM ET,HOU,0
1B,Josh Fuentes (12703680),Josh Fuentes,12703680,1B,4300,BAL@COL 05/25/2019 09:10PM ET,COL,1.11
2B/3B,Tommy La Stella (12703685),Tommy La Stella,12703685,2B/3B,4300,TEX@LAA 05/25/2019 10:07PM ET,LAA,8.07
SP,Taylor Cole (12704162),Taylor Cole,12704162,P,4300,TEX@LAA 05/25/2019 10:07PM ET,LAA,5.7
RP,Hansel Robles (12704168),Hansel Robles,12704168,P,4300,TEX@LAA 05/25/2019 10:07PM ET,LAA,3.17
3B,Justin Turner (12703684),Justin Turner,12703684,3B,4200,LAD@PIT 05/25/2019 07:15PM ET,LAD,7.36
1B/OF,Jose Osuna (12703691),Jose Osuna,12703691,1B/OF,4200,LAD@PIT 05/25/2019 07:15PM ET,PIT,0
RP,JT Chargois (12704172),JT Chargois,12704172,P,4200,LAD@PIT 05/25/2019 07:15PM ET,LAD,-0.02
RP,Jaime Schultz (12704173),Jaime Schultz,12704173,P,4200,LAD@PIT 05/25/2019 07:15PM ET,LAD,3.65
1B,Paul Goldschmidt (12703693),Paul Goldschmidt,12703693,1B,4200,ATL@STL 05/25/2019 07:15PM ET,STL,8
RP,Sam Freeman (12704171),Sam Freeman,12704171,P,4200,ATL@STL 05/25/2019 07:15PM ET,ATL,-0.5
2B/SS,Brock Holt (12703682),Brock Holt,12703682,2B/SS,4200,BOS@HOU 05/25/2019 07:15PM ET,BOS,1.83
SP,Ryan Castellani (12704170),Ryan Castellani,12704170,P,4200,BAL@COL 05/25/2019 09:10PM ET,COL,0
RP,Carlos Estevez (12704175),Carlos Estevez,12704175,P,4200,BAL@COL 05/25/2019 09:10PM ET,COL,2.94
RP,Keynan Middleton (12704169),Keynan Middleton,12704169,P,4200,TEX@LAA 05/25/2019 10:07PM ET,LAA,0
RP,John Curtiss (12704174),John Curtiss,12704174,P,4200,TEX@LAA 05/25/2019 10:07PM ET,LAA,2.25
OF,Alex Verdugo (12703687),Alex Verdugo,12703687,OF,4100,LAD@PIT 05/25/2019 07:15PM ET,LAD,6.10
SS,Dansby Swanson (12703694),Dansby Swanson,12703694,SS,4100,ATL@STL 05/25/2019 07:15PM ET,ATL,8.29
RP,Brandon Workman (12704177),Brandon Workman,12704177,P,4100,BOS@HOU 05/25/2019 07:15PM ET,BOS,4.10
RP,Ryan Brasier (12704178),Ryan Brasier,12704178,P,4100,BOS@HOU 05/25/2019 07:15PM ET,BOS,2.82
1B,Mark Reynolds (12703690),Mark Reynolds,12703690,1B,4100,BAL@COL 05/25/2019 09:10PM ET,COL,4.09
2B/3B,Hanser Alberto (12703698),Hanser Alberto,12703698,2B/3B,4100,BAL@COL 05/25/2019 09:10PM ET,BAL,5.60
SP,Ariel Jurado (12704176),Ariel Jurado,12704176,P,4100,TEX@LAA 05/25/2019 10:07PM ET,TEX,4.9
OF,Starling Marte (12703696),Starling Marte,12703696,OF,4000,LAD@PIT 05/25/2019 07:15PM ET,PIT,8.84
OF,Gregory Polanco (12703700),Gregory Polanco,12703700,OF,4000,LAD@PIT 05/25/2019 07:15PM ET,PIT,8.38
SP,Brock Stewart (12704180),Brock Stewart,12704180,P,4000,LAD@PIT 05/25/2019 07:15PM ET,LAD,-2.53
RP,Kevin Quackenbush (12704185),Kevin Quackenbush,12704185,P,4000,LAD@PIT 05/25/2019 07:15PM ET,LAD,0
RP,Adam McCreery (12704188),Adam McCreery,12704188,P,4000,LAD@PIT 05/25/2019 07:15PM ET,LAD,0
RP,Josh Smoker (12704192),Josh Smoker,12704192,P,4000,LAD@PIT 05/25/2019 07:15PM ET,LAD,0
RP,Daniel Corcino (12704193),Daniel Corcino,12704193,P,4000,LAD@PIT 05/25/2019 07:15PM ET,LAD,0
RP,Brandon Maurer (12704200),Brandon Maurer,12704200,P,4000,LAD@PIT 05/25/2019 07:15PM ET,PIT,0
RP,Jesus Liranzo (12704219),Jesus Liranzo,12704219,P,4000,LAD@PIT 05/25/2019 07:15PM ET,PIT,0
RP,Kyle Crick (12704220),Kyle Crick,12704220,P,4000,LAD@PIT 05/25/2019 07:15PM ET,PIT,2.96
RP,Tyler Lyons (12704222),Tyler Lyons,12704222,P,4000,LAD@PIT 05/25/2019 07:15PM ET,PIT,2.53
RP,Scott Alexander (12704226),Scott Alexander,12704226,P,4000,LAD@PIT 05/25/2019 07:15PM ET,LAD,1.60
RP,Yimi Garcia (12704227),Yimi Garcia,12704227,P,4000,LAD@PIT 05/25/2019 07:15PM ET,LAD,2.46
SP,Mitch White (12704235),Mitch White,12704235,P,4000,LAD@PIT 05/25/2019 07:15PM ET,LAD,0
RP,Alex McRae (12704247),Alex McRae,12704247,P,4000,LAD@PIT 05/25/2019 07:15PM ET,PIT,0
RP,Dylan Floro (12704254),Dylan Floro,12704254,P,4000,LAD@PIT 05/25/2019 07:15PM ET,LAD,2.86
RP,Layne Somsen (12704275),Layne Somsen,12704275,P,4000,LAD@PIT 05/25/2019 07:15PM ET,LAD,0
RP,Geoff Hartlieb (12704279),Geoff Hartlieb,12704279,P,4000,LAD@PIT 05/25/2019 07:15PM ET,PIT,0.71
3B,Josh Donaldson (12703695),Josh Donaldson,12703695,3B,4000,ATL@STL 05/25/2019 07:15PM ET,ATL,7.5
RP,Tommy Layne (12704183),Tommy Layne,12704183,P,4000,ATL@STL 05/25/2019 07:15PM ET,STL,0
RP,Ryan Meisinger (12704184),Ryan Meisinger,12704184,P,4000,ATL@STL 05/25/2019 07:15PM ET,STL,0
RP,Hunter Cervenka (12704190),Hunter Cervenka,12704190,P,4000,ATL@STL 05/25/2019 07:15PM ET,STL,0
RP,Brett Cecil (12704199),Brett Cecil,12704199,P,4000,ATL@STL 05/25/2019 07:15PM ET,STL,0
RP,Mike Hauschild (12704202),Mike Hauschild,12704202,P,4000,ATL@STL 05/25/2019 07:15PM ET,STL,0
RP,John Brebbia (12704204),John Brebbia,12704204,P,4000,ATL@STL 05/25/2019 07:15PM ET,STL,4.44
RP,Luke Jackson (12704214),Luke Jackson,12704214,P,4000,ATL@STL 05/25/2019 07:15PM ET,ATL,4.38
RP,Tyler Webb (12704215),Tyler Webb,12704215,P,4000,ATL@STL 05/25/2019 07:15PM ET,STL,2.15
RP,Jacob Webb (12704221),Jacob Webb,12704221,P,4000,ATL@STL 05/25/2019 07:15PM ET,ATL,3.38
RP,Chris Beck (12704225),Chris Beck,12704225,P,4000,ATL@STL 05/25/2019 07:15PM ET,STL,0
RP,Jordan Hicks (12704228),Jordan Hicks,12704228,P,4000,ATL@STL 05/25/2019 07:15PM ET,STL,3.6
RP,Jonny Venters (12704234),Jonny Venters,12704234,P,4000,ATL@STL 05/25/2019 07:15PM ET,ATL,-0.41
RP,John Gant (12704248),John Gant,12704248,P,4000,ATL@STL 05/25/2019 07:15PM ET,STL,4.7
RP,Ben Rowen (12704273),Ben Rowen,12704273,P,4000,ATL@STL 05/25/2019 07:15PM ET,ATL,0
OF,Andrew Benintendi (12703701),Andrew Benintendi,12703701,OF,4000,BOS@HOU 05/25/2019 07:15PM ET,BOS,8.06
SP,Brian Johnson (12704181),Brian Johnson,12704181,P,4000,BOS@HOU 05/25/2019 07:15PM ET,BOS,1.74
RP,Cionel Perez (12704191),Cionel Perez,12704191,P,4000,BOS@HOU 05/25/2019 07:15PM ET,HOU,0
RP,Francis Martes (12704197),Francis Martes,12704197,P,4000,BOS@HOU 05/25/2019 07:15PM ET,HOU,0
RP,Ryan Pressly (12704198),Ryan Pressly,12704198,P,4000,BOS@HOU 05/25/2019 07:15PM ET,HOU,4.72
RP,Josh Taylor (12704205),Josh Taylor,12704205,P,4000,BOS@HOU 05/25/2019 07:15PM ET,BOS,0
RP,Roberto Osuna (12704207),Roberto Osuna,12704207,P,4000,BOS@HOU 05/25/2019 07:15PM ET,HOU,4.10
RP,Heath Hembree (12704208),Heath Hembree,12704208,P,4000,BOS@HOU 05/25/2019 07:15PM ET,BOS,3.35
RP,William Cuevas (12704210),William Cuevas,12704210,P,4000,BOS@HOU 05/25/2019 07:15PM ET,BOS,0
RP,Chandler Shepherd (12704218),Chandler Shepherd,12704218,P,4000,BOS@HOU 05/25/2019 07:15PM ET,BOS,0
RP,Framber Valdez (12704229),Framber Valdez,12704229,P,4000,BOS@HOU 05/25/2019 07:15PM ET,HOU,4.22
SP,Cristian Javier (12704238),Cristian Javier,12704238,P,4000,BOS@HOU 05/25/2019 07:15PM ET,HOU,0
RP,Marcus Walden (12704239),Marcus Walden,12704239,P,4000,BOS@HOU 05/25/2019 07:15PM ET,BOS,7.28
RP,Denyi Reyes (12704241),Denyi Reyes,12704241,P,4000,BOS@HOU 05/25/2019 07:15PM ET,BOS,0
SP,Jake Thompson (12704242),Jake Thompson,12704242,P,4000,BOS@HOU 05/25/2019 07:15PM ET,BOS,0
SP,Kutter Crawford (12704243),Kutter Crawford,12704243,P,4000,BOS@HOU 05/25/2019 07:15PM ET,BOS,0
SP,Josh Smith (12704244),Josh Smith,12704244,P,4000,BOS@HOU 05/25/2019 07:15PM ET,BOS,3.62
SP,Jhonathan Diaz (12704245),Jhonathan Diaz,12704245,P,4000,BOS@HOU 05/25/2019 07:15PM ET,BOS,0
RP,Bobby Poyner (12704252),Bobby Poyner,12704252,P,4000,BOS@HOU 05/25/2019 07:15PM ET,BOS,-2.38
RP,Brady Rodgers (12704261),Brady Rodgers,12704261,P,4000,BOS@HOU 05/25/2019 07:15PM ET,HOU,5.9
RP,Erasmo Ramirez (12704262),Erasmo Ramirez,12704262,P,4000,BOS@HOU 05/25/2019 07:15PM ET,BOS,-2.85
RP,Dan Runzler (12704276),Dan Runzler,12704276,P,4000,BOS@HOU 05/25/2019 07:15PM ET,BOS,0
RP,Durbin Feltman (12704277),Durbin Feltman,12704277,P,4000,BOS@HOU 05/25/2019 07:15PM ET,BOS,0
RP,Brian Ellington (12704278),Brian Ellington,12704278,P,4000,BOS@HOU 05/25/2019 07:15PM ET,BOS,0
C,Chris Iannetta (12703697),Chris Iannetta,12703697,C,4000,BAL@COL 05/25/2019 09:10PM ET,COL,5.76
RP,Ben Bowden (12704196),Ben Bowden,12704196,P,4000,BAL@COL 05/25/2019 09:10PM ET,COL,0
RP,Cody Carroll (12704201),Cody Carroll,12704201,P,4000,BAL@COL 05/25/2019 09:10PM ET,BAL,0
RP,Justin Lawrence (12704212),Justin Lawrence,12704212,P,4000,BAL@COL 05/25/2019 09:10PM ET,COL,0
RP,Scott Oberg (12704224),Scott Oberg,12704224,P,4000,BAL@COL 05/25/2019 09:10PM ET,COL,3.35
RP,Hunter Harvey (12704231),Hunter Harvey,12704231,P,4000,BAL@COL 05/25/2019 09:10PM ET,BAL,0
RP,D.J. Snelten (12704232),D.J. Snelten,12704232,P,4000,BAL@COL 05/25/2019 09:10PM ET,BAL,0
RP,Sam Howard (12704233),Sam Howard,12704233,P,4000,BAL@COL 05/25/2019 09:10PM ET,COL,0
RP,Jake McGee (12704236),Jake McGee,12704236,P,4000,BAL@COL 05/25/2019 09:10PM ET,COL,2.55
RP,Paul Fry (12704246),Paul Fry,12704246,P,4000,BAL@COL 05/25/2019 09:10PM ET,BAL,2.06
RP,Evan Phillips (12704249),Evan Phillips,12704249,P,4000,BAL@COL 05/25/2019 09:10PM ET,BAL,2.21
RP,Sean Gilmartin (12704250),Sean Gilmartin,12704250,P,4000,BAL@COL 05/25/2019 09:10PM ET,BAL,0
RP,Bryan Shaw (12704251),Bryan Shaw,12704251,P,4000,BAL@COL 05/25/2019 09:10PM ET,COL,3.13
RP,Bo Schultz (12704253),Bo Schultz,12704253,P,4000,BAL@COL 05/25/2019 09:10PM ET,BAL,0
SP,Nate Karns (12704257),Nate Karns,12704257,P,4000,BAL@COL 05/25/2019 09:10PM ET,BAL,3.85
RP,Mike Dunn (12704258),Mike Dunn,12704258,P,4000,BAL@COL 05/25/2019 09:10PM ET,COL,1.80
RP,Rayan Gonzalez (12704259),Rayan Gonzalez,12704259,P,4000,BAL@COL 05/25/2019 09:10PM ET,COL,0
RP,Luis Ortiz (12704260),Luis Ortiz,12704260,P,4000,BAL@COL 05/25/2019 09:10PM ET,BAL,0
RP,Donnie Hart (12704263),Donnie Hart,12704263,P,4000,BAL@COL 05/25/2019 09:10PM ET,BAL,4.05
RP,Branden Kline (12704264),Branden Kline,12704264,P,4000,BAL@COL 05/25/2019 09:10PM ET,BAL,4.04
RP,Josh Lucas (12704265),Josh Lucas,12704265,P,4000,BAL@COL 05/25/2019 09:10PM ET,BAL,5.28
RP,Chris Lee (12704267),Chris Lee,12704267,P,4000,BAL@COL 05/25/2019 09:10PM ET,BAL,0
RP,Jairo Diaz (12704268),Jairo Diaz,12704268,P,4000,BAL@COL 05/25/2019 09:10PM ET,COL,2.35
RP,Jimmy Yacabonis (12704269),Jimmy Yacabonis,12704269,P,4000,BAL@COL 05/25/2019 09:10PM ET,BAL,1.85
RP,Richard Bleier (12704270),Richard Bleier,12704270,P,4000,BAL@COL 05/25/2019 09:10PM ET,BAL,0.27
RP,Miguel Castro (12704271),Miguel Castro,12704271,P,4000,BAL@COL 05/25/2019 09:10PM ET,BAL,1.67
RP,Gabriel Ynoa (12704272),Gabriel Ynoa,12704272,P,4000,BAL@COL 05/25/2019 09:10PM ET,BAL,4.11
RP,Seunghwan Oh (12704280),Seunghwan Oh,12704280,P,4000,BAL@COL 05/25/2019 09:10PM ET,COL,0.96
1B/SS,Logan Forsythe (12703688),Logan Forsythe,12703688,1B/SS,4000,TEX@LAA 05/25/2019 10:07PM ET,TEX,8.14
SP,Luke Bard (12704179),Luke Bard,12704179,P,4000,TEX@LAA 05/25/2019 10:07PM ET,LAA,3.54
SP,Kyle Dowdy (12704182),Kyle Dowdy,12704182,P,4000,TEX@LAA 05/25/2019 10:07PM ET,TEX,2.25
RP,Nick Gardewine (12704186),Nick Gardewine,12704186,P,4000,TEX@LAA 05/25/2019 10:07PM ET,TEX,0
RP,Michael Tonkin (12704187),Michael Tonkin,12704187,P,4000,TEX@LAA 05/25/2019 10:07PM ET,TEX,0
RP,Zach McAllister (12704189),Zach McAllister,12704189,P,4000,TEX@LAA 05/25/2019 10:07PM ET,TEX,0
RP,Jim Johnson (12704194),Jim Johnson,12704194,P,4000,TEX@LAA 05/25/2019 10:07PM ET,LAA,0
RP,Zac Curtis (12704195),Zac Curtis,12704195,P,4000,TEX@LAA 05/25/2019 10:07PM ET,TEX,0
RP,Luke Farrell (12704203),Luke Farrell,12704203,P,4000,TEX@LAA 05/25/2019 10:07PM ET,TEX,0
RP,Deck McGuire (12704206),Deck McGuire,12704206,P,4000,TEX@LAA 05/25/2019 10:07PM ET,LAA,0
RP,Joe Palumbo (12704209),Joe Palumbo,12704209,P,4000,TEX@LAA 05/25/2019 10:07PM ET,TEX,0
RP,JC Ramirez (12704211),JC Ramirez,12704211,P,4000,TEX@LAA 05/25/2019 10:07PM ET,LAA,0
RP,Ariel Hernandez (12704213),Ariel Hernandez,12704213,P,4000,TEX@LAA 05/25/2019 10:07PM ET,TEX,0
RP,C.D. Pelham (12704216),C.D. Pelham,12704216,P,4000,TEX@LAA 05/25/2019 10:07PM ET,TEX,0
RP,Shawn Kelley (12704217),Shawn Kelley,12704217,P,4000,TEX@LAA 05/25/2019 10:07PM ET,TEX,3.87
RP,Jeffrey Springs (12704223),Jeffrey Springs,12704223,P,4000,TEX@LAA 05/25/2019 10:07PM ET,TEX,3.8
RP,Chris Martin (12704230),Chris Martin,12704230,P,4000,TEX@LAA 05/25/2019 10:07PM ET,TEX,2.44
RP,Wei-Chieh Huang (12704237),Wei-Chieh Huang,12704237,P,4000,TEX@LAA 05/25/2019 10:07PM ET,TEX,1.09
RP,Austin Bibens-Dirkx (12704240),Austin Bibens-Dirkx,12704240,P,4000,TEX@LAA 05/25/2019 10:07PM ET,TEX,0
RP,Yohander Mendez (12704255),Yohander Mendez,12704255,P,4000,TEX@LAA 05/25/2019 10:07PM ET,TEX,0
RP,Jeanmar Gomez (12704256),Jeanmar Gomez,12704256,P,4000,TEX@LAA 05/25/2019 10:07PM ET,TEX,0.78
RP,Jake Jewell (12704266),Jake Jewell,12704266,P,4000,TEX@LAA 05/25/2019 10:07PM ET,LAA,-0.02
RP,Greg Mahle (12704274),Greg Mahle,12704274,P,4000,TEX@LAA 05/25/2019 10:07PM ET,LAA,0
SS,Corey Seager (12703702),Corey Seager,12703702,SS,3900,LAD@PIT 05/25/2019 07:15PM ET,LAD,6.59
2B,Ozzie Albies (12703705),Ozzie Albies,12703705,2B,3900,ATL@STL 05/25/2019 07:15PM ET,ATL,7.83
OF,Tyler O'Neill (12703707),Tyler O'Neill,12703707,OF,3900,ATL@STL 05/25/2019 07:15PM ET,STL,2.81
OF,Jake Marisnick (12703706),Jake Marisnick,12703706,OF,3900,BOS@HOU 05/25/2019 07:15PM ET,HOU,5.73
OF,Derek Fisher (12703709),Derek Fisher,12703709,OF,3900,BOS@HOU 05/25/2019 07:15PM ET,HOU,0
1B,Sam Travis (12703710),Sam Travis,12703710,1B,3900,BOS@HOU 05/25/2019 07:15PM ET,BOS,3
C,Tony Wolters (12703704),Tony Wolters,12703704,C,3900,BAL@COL 05/25/2019 09:10PM ET,COL,5.91
OF,Justin Upton (12703708),Justin Upton,12703708,OF,3900,TEX@LAA 05/25/2019 10:07PM ET,LAA,0
OF,Nick Markakis (12703712),Nick Markakis,12703712,OF,3800,ATL@STL 05/25/2019 07:15PM ET,ATL,7.5
1B/3B,Matt Carpenter (12703715),Matt Carpenter,12703715,1B/3B,3800,ATL@STL 05/25/2019 07:15PM ET,STL,7.14
2B,Kolten Wong (12703726),Kolten Wong,12703726,2B,3800,ATL@STL 05/25/2019 07:15PM ET,STL,7.18
C,Pedro Severino (12703703),Pedro Severino,12703703,C,3800,BAL@COL 05/25/2019 09:10PM ET,BAL,5.96
OF,Joey Rickard (12703713),Joey Rickard,12703713,OF,3800,BAL@COL 05/25/2019 09:10PM ET,BAL,4.55
OF,Nomar Mazara (12703711),Nomar Mazara,12703711,OF,3800,TEX@LAA 05/25/2019 10:07PM ET,TEX,7.70
SS,Andrelton Simmons (12703714),Andrelton Simmons,12703714,SS,3800,TEX@LAA 05/25/2019 10:07PM ET,LAA,7.39
OF,A.J. Pollock (12703729),A.J. Pollock,12703729,OF,3700,LAD@PIT 05/25/2019 07:15PM ET,LAD,6.14
OF,Jason Martin (12703732),Jason Martin,12703732,OF,3700,LAD@PIT 05/25/2019 07:15PM ET,PIT,3.18
1B/OF,Charlie Culberson (12703718),Charlie Culberson,12703718,1B/OF,3700,ATL@STL 05/25/2019 07:15PM ET,ATL,3.28
1B/2B,Aledmys Diaz (12703721),Aledmys Diaz,12703721,1B/2B,3700,BOS@HOU 05/25/2019 07:15PM ET,HOU,6.9
C,Robinson Chirinos (12703723),Robinson Chirinos,12703723,C,3700,BOS@HOU 05/25/2019 07:15PM ET,HOU,7.36
OF,Josh Reddick (12703724),Josh Reddick,12703724,OF,3700,BOS@HOU 05/25/2019 07:15PM ET,HOU,7.09
2B/3B,Brandon Phillips (12703730),Brandon Phillips,12703730,2B/3B,3700,BOS@HOU 05/25/2019 07:15PM ET,BOS,0
3B,Rio Ruiz (12703725),Rio Ruiz,12703725,3B,3700,BAL@COL 05/25/2019 09:10PM ET,BAL,5.06
OF,Yonathan Daza (12703728),Yonathan Daza,12703728,OF,3700,BAL@COL 05/25/2019 09:10PM ET,COL,0.67
OF,Shohei Ohtani (12703717),Shohei Ohtani,12703717,OF,3700,TEX@LAA 05/25/2019 10:07PM ET,LAA,6.64
2B,Rougned Odor (12703720),Rougned Odor,12703720,2B,3700,TEX@LAA 05/25/2019 10:07PM ET,TEX,7.14
OF,Brian Goodwin (12703727),Brian Goodwin,12703727,OF,3700,TEX@LAA 05/25/2019 10:07PM ET,LAA,7.19
2B/OF,Kike Hernandez (12703733),Kike Hernandez,12703733,2B/OF,3600,LAD@PIT 05/25/2019 07:15PM ET,LAD,6.28
1B,David Freese (12703737),David Freese,12703737,1B,3600,LAD@PIT 05/25/2019 07:15PM ET,LAD,5.08
C,Austin Barnes (12703738),Austin Barnes,12703738,C,3600,LAD@PIT 05/25/2019 07:15PM ET,LAD,5.92
SS,Erik Gonzalez (12703761),Erik Gonzalez,12703761,SS,3600,LAD@PIT 05/25/2019 07:15PM ET,PIT,4.81
OF,Dexter Fowler (12703735),Dexter Fowler,12703735,OF,3600,ATL@STL 05/25/2019 07:15PM ET,STL,6.65
3B/OF,Drew Robinson (12703742),Drew Robinson,12703742,3B/OF,3600,ATL@STL 05/25/2019 07:15PM ET,STL,1
OF,Kole Calhoun (12703736),Kole Calhoun,12703736,OF,3600,TEX@LAA 05/25/2019 10:07PM ET,LAA,7.78
1B,Albert Pujols (12703739),Albert Pujols,12703739,1B,3600,TEX@LAA 05/25/2019 10:07PM ET,LAA,6.77
1B/3B,Matt Davidson (12703740),Matt Davidson,12703740,1B/3B,3600,TEX@LAA 05/25/2019 10:07PM ET,TEX,0
C,Russell Martin (12703747),Russell Martin,12703747,C,3500,LAD@PIT 05/25/2019 07:15PM ET,LAD,5.83
2B/3B,Kevin Kramer (12703759),Kevin Kramer,12703759,2B/3B,3500,LAD@PIT 05/25/2019 07:15PM ET,PIT,0
1B/OF,Adam Duvall (12703745),Adam Duvall,12703745,1B/OF,3500,ATL@STL 05/25/2019 07:15PM ET,ATL,0
C,Brian McCann (12703748),Brian McCann,12703748,C,3500,ATL@STL 05/25/2019 07:15PM ET,ATL,7.25
C,Yadier Molina (12703750),Yadier Molina,12703750,C,3500,ATL@STL 05/25/2019 07:15PM ET,STL,7.06
OF,Harrison Bader (12703751),Harrison Bader,12703751,OF,3500,ATL@STL 05/25/2019 07:15PM ET,STL,5.57
OF,Lane Thomas (12703752),Lane Thomas,12703752,OF,3500,ATL@STL 05/25/2019 07:15PM ET,STL,4.5
OF,Jose Martinez (12703753),Jose Martinez,12703753,OF,3500,ATL@STL 05/25/2019 07:15PM ET,STL,5.74
OF,Adolis Garcia (12703754),Adolis Garcia,12703754,OF,3500,ATL@STL 05/25/2019 07:15PM ET,STL,0
OF,Myles Straw (12703755),Myles Straw,12703755,OF,3500,BOS@HOU 05/25/2019 07:15PM ET,HOU,0
OF,Rusney Castillo (12703758),Rusney Castillo,12703758,OF,3500,BOS@HOU 05/25/2019 07:15PM ET,BOS,0
OF,Keon Broxton (12703744),Keon Broxton,12703744,OF,3500,BAL@COL 05/25/2019 09:10PM ET,BAL,2.4
C,Jonathan Lucroy (12703749),Jonathan Lucroy,12703749,C,3500,TEX@LAA 05/25/2019 10:07PM ET,LAA,7.05
2B/SS,Eliezer Alvarez (12703756),Eliezer Alvarez,12703756,2B/SS,3500,TEX@LAA 05/25/2019 10:07PM ET,TEX,0
OF,Bryan Reynolds (12703767),Bryan Reynolds,12703767,OF,3400,LAD@PIT 05/25/2019 07:15PM ET,PIT,6.61
OF,Shane Peterson (12703771),Shane Peterson,12703771,OF,3400,LAD@PIT 05/25/2019 07:15PM ET,LAD,0
C,Tyler Flowers (12703766),Tyler Flowers,12703766,C,3400,ATL@STL 05/25/2019 07:15PM ET,ATL,6.21
OF,Matt Joyce (12703769),Matt Joyce,12703769,OF,3400,ATL@STL 05/25/2019 07:15PM ET,ATL,2.35
OF,Kyle Tucker (12703762),Kyle Tucker,12703762,OF,3400,BOS@HOU 05/25/2019 07:15PM ET,HOU,0
C,Christian Vazquez (12703763),Christian Vazquez,12703763,C,3400,BOS@HOU 05/25/2019 07:15PM ET,BOS,6.82
OF,Ronnie Dawson (12703773),Ronnie Dawson,12703773,OF,3400,BOS@HOU 05/25/2019 07:15PM ET,HOU,0
OF,Gorkys Hernandez (12703774),Gorkys Hernandez,12703774,OF,3400,BOS@HOU 05/25/2019 07:15PM ET,BOS,0
1B,Chris Davis (12703768),Chris Davis,12703768,1B,3400,BAL@COL 05/25/2019 09:10PM ET,BAL,4.54
C,Austin Wynns (12703772),Austin Wynns,12703772,C,3400,BAL@COL 05/25/2019 09:10PM ET,BAL,3
3B/OF,David Fletcher (12703764),David Fletcher,12703764,3B/OF,3400,TEX@LAA 05/25/2019 10:07PM ET,LAA,6.58
3B,Asdrubal Cabrera (12703770),Asdrubal Cabrera,12703770,3B,3400,TEX@LAA 05/25/2019 10:07PM ET,TEX,7.21
1B,Justin Bour (12703775),Justin Bour,12703775,1B,3400,TEX@LAA 05/25/2019 10:07PM ET,LAA,5.27
1B/3B,Patrick Wisdom (12703776),Patrick Wisdom,12703776,1B/3B,3400,TEX@LAA 05/25/2019 10:07PM ET,TEX,2.22
3B,Kaleb Cowart (12703778),Kaleb Cowart,12703778,3B,3400,TEX@LAA 05/25/2019 10:07PM ET,LAA,0
2B/SS,Nolan Fontana (12703779),Nolan Fontana,12703779,2B/SS,3400,TEX@LAA 05/25/2019 10:07PM ET,TEX,0
1B,Edwin Rios (12703783),Edwin Rios,12703783,1B,3300,LAD@PIT 05/25/2019 07:15PM ET,LAD,0
3B,Ke'Bryan Hayes (12703796),Ke'Bryan Hayes,12703796,3B,3300,LAD@PIT 05/25/2019 07:15PM ET,PIT,0
3B,Will Craig (12703797),Will Craig,12703797,3B,3300,LAD@PIT 05/25/2019 07:15PM ET,PIT,0
OF,Randy Arozarena (12703784),Randy Arozarena,12703784,OF,3300,ATL@STL 05/25/2019 07:15PM ET,STL,0
C,Alex Jackson (12703791),Alex Jackson,12703791,C,3300,ATL@STL 05/25/2019 07:15PM ET,ATL,0.67
SS,Edmundo Sosa (12703795),Edmundo Sosa,12703795,SS,3300,ATL@STL 05/25/2019 07:15PM ET,STL,0
C,Francisco Pena (12703799),Francisco Pena,12703799,C,3300,ATL@STL 05/25/2019 07:15PM ET,STL,0
1B,AJ Reed (12703782),AJ Reed,12703782,1B,3300,BOS@HOU 05/25/2019 07:15PM ET,HOU,0
2B/OF,Tony Kemp (12703785),Tony Kemp,12703785,2B/OF,3300,BOS@HOU 05/25/2019 07:15PM ET,HOU,4.63
1B/3B,Yuli Gurriel (12703789),Yuli Gurriel,12703789,1B/3B,3300,BOS@HOU 05/25/2019 07:15PM ET,HOU,6.53
SS,Tzu-Wei Lin (12703794),Tzu-Wei Lin,12703794,SS,3300,BOS@HOU 05/25/2019 07:15PM ET,BOS,2.54
1B,Mark Trumbo (12703781),Mark Trumbo,12703781,1B,3300,BAL@COL 05/25/2019 09:10PM ET,BAL,0
C,Drew Butera (12703788),Drew Butera,12703788,C,3300,BAL@COL 05/25/2019 09:10PM ET,COL,3.29
OF,Delino DeShields (12703787),Delino DeShields,12703787,OF,3300,TEX@LAA 05/25/2019 10:07PM ET,TEX,5.81
C,Kevan Smith (12703792),Kevan Smith,12703792,C,3300,TEX@LAA 05/25/2019 10:07PM ET,LAA,5.82
OF,Leody Taveras (12703793),Leody Taveras,12703793,OF,3300,TEX@LAA 05/25/2019 10:07PM ET,TEX,0
3B,Taylor Ward (12703798),Taylor Ward,12703798,3B,3300,TEX@LAA 05/25/2019 10:07PM ET,LAA,1.25
OF,Jeren Kendall (12703806),Jeren Kendall,12703806,OF,3200,LAD@PIT 05/25/2019 07:15PM ET,LAD,0
OF,Drew Jackson (12703807),Drew Jackson,12703807,OF,3200,LAD@PIT 05/25/2019 07:15PM ET,LAD,0.67
OF,Paulo Orlando (12703810),Paulo Orlando,12703810,OF,3200,LAD@PIT 05/25/2019 07:15PM ET,LAD,0
1B,Matt Beaty (12703813),Matt Beaty,12703813,1B,3200,LAD@PIT 05/25/2019 07:15PM ET,LAD,2
OF,Melky Cabrera (12703814),Melky Cabrera,12703814,OF,3200,LAD@PIT 05/25/2019 07:15PM ET,PIT,5.8
SS,Ramon Urias (12703803),Ramon Urias,12703803,SS,3200,ATL@STL 05/25/2019 07:15PM ET,STL,0
2B/SS,Andres Blanco (12703808),Andres Blanco,12703808,2B/SS,3200,ATL@STL 05/25/2019 07:15PM ET,ATL,0
3B/OF,Johan Camargo (12703811),Johan Camargo,12703811,3B/OF,3200,ATL@STL 05/25/2019 07:15PM ET,ATL,4.15
3B,Elehuris Montero (12703816),Elehuris Montero,12703816,3B,3200,ATL@STL 05/25/2019 07:15PM ET,STL,0
2B/SS,Yairo Munoz (12703817),Yairo Munoz,12703817,2B/SS,3200,ATL@STL 05/25/2019 07:15PM ET,STL,2.38
OF,Conner Capel (12703822),Conner Capel,12703822,OF,3200,ATL@STL 05/25/2019 07:15PM ET,STL,0
OF,Ryan LaMarre (12703824),Ryan LaMarre,12703824,OF,3200,ATL@STL 05/25/2019 07:15PM ET,ATL,0
OF,J.J. Matijevic (12703802),J.J. Matijevic,12703802,OF,3200,BOS@HOU 05/25/2019 07:15PM ET,HOU,0
2B/SS,Mike Miller (12703826),Mike Miller,12703826,2B/SS,3200,BOS@HOU 05/25/2019 07:15PM ET,BOS,0
1B/OF,Matt Holliday (12703800),Matt Holliday,12703800,1B/OF,3200,BAL@COL 05/25/2019 09:10PM ET,COL,0
2B/SS,Chase d'Arnaud (12703804),Chase d'Arnaud,12703804,2B/SS,3200,TEX@LAA 05/25/2019 10:07PM ET,TEX,0
1B,Ronald Guzman (12703815),Ronald Guzman,12703815,1B,3200,TEX@LAA 05/25/2019 10:07PM ET,TEX,5.91
1B/OF,Ryan Rua (12703819),Ryan Rua,12703819,1B/OF,3200,TEX@LAA 05/25/2019 10:07PM ET,TEX,0
SS,Anderson Tejeda (12703821),Anderson Tejeda,12703821,SS,3200,TEX@LAA 05/25/2019 10:07PM ET,TEX,0
C,Jett Bandy (12703823),Jett Bandy,12703823,C,3200,TEX@LAA 05/25/2019 10:07PM ET,TEX,0
2B,Andy Ibanez (12703825),Andy Ibanez,12703825,2B,3200,TEX@LAA 05/25/2019 10:07PM ET,TEX,0
SS,Gavin Lux (12703829),Gavin Lux,12703829,SS,3100,LAD@PIT 05/25/2019 07:15PM ET,LAD,0
OF,Andrew Toles (12703830),Andrew Toles,12703830,OF,3100,LAD@PIT 05/25/2019 07:15PM ET,LAD,0
2B/OF,Chris Taylor (12703840),Chris Taylor,12703840,2B/OF,3100,LAD@PIT 05/25/2019 07:15PM ET,LAD,4.57
C,Jacob Stallings (12703852),Jacob Stallings,12703852,C,3100,LAD@PIT 05/25/2019 07:15PM ET,PIT,2.75
1B,Andy Wilkins (12703831),Andy Wilkins,12703831,1B,3100,ATL@STL 05/25/2019 07:15PM ET,ATL,0
2B/SS,Travis Demeritte (12703834),Travis Demeritte,12703834,2B/SS,3100,ATL@STL 05/25/2019 07:15PM ET,ATL,0
OF,Justin Williams (12703839),Justin Williams,12703839,OF,3100,ATL@STL 05/25/2019 07:15PM ET,STL,0
OF,Cristian Pache (12703842),Cristian Pache,12703842,OF,3100,ATL@STL 05/25/2019 07:15PM ET,ATL,0
SS,Pedro Florimon (12703843),Pedro Florimon,12703843,SS,3100,ATL@STL 05/25/2019 07:15PM ET,ATL,0
2B,Max Schrock (12703846),Max Schrock,12703846,2B,3100,ATL@STL 05/25/2019 07:15PM ET,STL,0
C,Garrett Stubbs (12703844),Garrett Stubbs,12703844,C,3100,BOS@HOU 05/25/2019 07:15PM ET,HOU,0
2B,Dustin Pedroia (12703847),Dustin Pedroia,12703847,2B,3100,BOS@HOU 05/25/2019 07:15PM ET,BOS,2
SS,C.J. Chatham (12703848),C.J. Chatham,12703848,SS,3100,BOS@HOU 05/25/2019 07:15PM ET,BOS,0
C,Juan Centeno (12703850),Juan Centeno,12703850,C,3100,BOS@HOU 05/25/2019 07:15PM ET,BOS,0
C,Daniel Butler (12703851),Daniel Butler,12703851,C,3100,BOS@HOU 05/25/2019 07:15PM ET,BOS,0
OF,Jackie Bradley Jr. (12703853),Jackie Bradley Jr.,12703853,OF,3100,BOS@HOU 05/25/2019 07:15PM ET,BOS,5
SS,Ryan Mountcastle (12703828),Ryan Mountcastle,12703828,SS,3100,BAL@COL 05/25/2019 09:10PM ET,BAL,0
2B,Pat Valaika (12703832),Pat Valaika,12703832,2B,3100,BAL@COL 05/25/2019 09:10PM ET,COL,1.29
OF,Cedric Mullins (12703833),Cedric Mullins,12703833,OF,3100,BAL@COL 05/25/2019 09:10PM ET,BAL,3.14
OF,Jarrett Parker (12703836),Jarrett Parker,12703836,OF,3100,TEX@LAA 05/25/2019 10:07PM ET,LAA,0
2B/3B,Ryan Schimpf (12703837),Ryan Schimpf,12703837,2B/3B,3100,TEX@LAA 05/25/2019 10:07PM ET,LAA,0
2B,Eli White (12703845),Eli White,12703845,2B,3100,TEX@LAA 05/25/2019 10:07PM ET,TEX,0
OF,Carlos Tocci (12703849),Carlos Tocci,12703849,OF,3100,TEX@LAA 05/25/2019 10:07PM ET,TEX,0
OF,Ezequiel Carrera (12703863),Ezequiel Carrera,12703863,OF,3000,LAD@PIT 05/25/2019 07:15PM ET,LAD,0
C,Connor Wong (12703864),Connor Wong,12703864,C,3000,LAD@PIT 05/25/2019 07:15PM ET,LAD,0
2B/OF,Nick Franklin (12703871),Nick Franklin,12703871,2B/OF,3000,LAD@PIT 05/25/2019 07:15PM ET,PIT,0
3B,Colin Moran (12703877),Colin Moran,12703877,3B,3000,LAD@PIT 05/25/2019 07:15PM ET,PIT,4.76
2B,Adam Frazier (12703880),Adam Frazier,12703880,2B,3000,LAD@PIT 05/25/2019 07:15PM ET,PIT,6.41
2B/SS,Kevin Newman (12703882),Kevin Newman,12703882,2B/SS,3000,LAD@PIT 05/25/2019 07:15PM ET,PIT,5.14
2B/SS,Omar Estevez (12703884),Omar Estevez,12703884,2B/SS,3000,LAD@PIT 05/25/2019 07:15PM ET,LAD,0
2B/SS,Daniel Castro (12703888),Daniel Castro,12703888,2B/SS,3000,LAD@PIT 05/25/2019 07:15PM ET,LAD,0
2B/OF,Pablo Reyes (12703894),Pablo Reyes,12703894,2B/OF,3000,LAD@PIT 05/25/2019 07:15PM ET,PIT,1.61
OF,JB Shuck (12703896),JB Shuck,12703896,OF,3000,LAD@PIT 05/25/2019 07:15PM ET,PIT,2.59
OF,Rafael Ortega (12703865),Rafael Ortega,12703865,OF,3000,ATL@STL 05/25/2019 07:15PM ET,ATL,0
C,Matt Wieters (12703879),Matt Wieters,12703879,C,3000,ATL@STL 05/25/2019 07:15PM ET,STL,3.47
C,Andrew Knizner (12703891),Andrew Knizner,12703891,C,3000,ATL@STL 05/25/2019 07:15PM ET,STL,0
C,Joe Hudson (12703893),Joe Hudson,12703893,C,3000,ATL@STL 05/25/2019 07:15PM ET,STL,0
C,Evan Gattis (12703862),Evan Gattis,12703862,C,3000,BOS@HOU 05/25/2019 07:15PM ET,HOU,0
3B,Bobby Dalbec (12703868),Bobby Dalbec,12703868,3B,3000,BOS@HOU 05/25/2019 07:15PM ET,BOS,0
2B/OF,Tony Renda (12703874),Tony Renda,12703874,2B/OF,3000,BOS@HOU 05/25/2019 07:15PM ET,BOS,0
1B,Josh Ockimey (12703876),Josh Ockimey,12703876,1B,3000,BOS@HOU 05/25/2019 07:15PM ET,BOS,0
1B,Joey Curletta (12703887),Joey Curletta,12703887,1B,3000,BOS@HOU 05/25/2019 07:15PM ET,BOS,0
1B/OF,Steve Pearce (12703897),Steve Pearce,12703897,1B/OF,3000,BOS@HOU 05/25/2019 07:15PM ET,BOS,4.12
OF,Austin Hays (12703854),Austin Hays,12703854,OF,3000,BAL@COL 05/25/2019 09:10PM ET,BAL,0
1B/3B,Danny Valencia (12703855),Danny Valencia,12703855,1B/3B,3000,BAL@COL 05/25/2019 09:10PM ET,BAL,0
OF,Michael Saunders (12703857),Michael Saunders,12703857,OF,3000,BAL@COL 05/25/2019 09:10PM ET,COL,0
OF,Vince Fernandez (12703858),Vince Fernandez,12703858,OF,3000,BAL@COL 05/25/2019 09:10PM ET,COL,0
OF,Eric Young Jr. (12703859),Eric Young Jr.,12703859,OF,3000,BAL@COL 05/25/2019 09:10PM ET,BAL,0
OF,Noel Cuevas (12703860),Noel Cuevas,12703860,OF,3000,BAL@COL 05/25/2019 09:10PM ET,COL,0
3B,Colton Welker (12703861),Colton Welker,12703861,3B,3000,BAL@COL 05/25/2019 09:10PM ET,COL,0
SS,Richie Martin (12703878),Richie Martin,12703878,SS,3000,BAL@COL 05/25/2019 09:10PM ET,BAL,3.2
1B/3B,Jefry Marte (12703866),Jefry Marte,12703866,1B/3B,3000,TEX@LAA 05/25/2019 10:07PM ET,LAA,0
OF,Ben Revere (12703869),Ben Revere,12703869,OF,3000,TEX@LAA 05/25/2019 10:07PM ET,TEX,0
OF,Jo Adell (12703870),Jo Adell,12703870,OF,3000,TEX@LAA 05/25/2019 10:07PM ET,LAA,0
OF,Scott Heineman (12703873),Scott Heineman,12703873,OF,3000,TEX@LAA 05/25/2019 10:07PM ET,TEX,0
C,Isiah Kiner-Falefa (12703881),Isiah Kiner-Falefa,12703881,C,3000,TEX@LAA 05/25/2019 10:07PM ET,TEX,5.48
1B,Jared Walsh (12703886),Jared Walsh,12703886,1B,3000,TEX@LAA 05/25/2019 10:07PM ET,LAA,2.75
1B,Matt Thaiss (12703890),Matt Thaiss,12703890,1B,3000,TEX@LAA 05/25/2019 10:07PM ET,LAA,0
C,Jose Briceno (12703892),Jose Briceno,12703892,C,3000,TEX@LAA 05/25/2019 10:07PM ET,LAA,0
OF,Cameron Perkins (12703904),Cameron Perkins,12703904,OF,2900,LAD@PIT 05/25/2019 07:15PM ET,LAD,0
OF,DJ Peters (12703905),DJ Peters,12703905,OF,2900,LAD@PIT 05/25/2019 07:15PM ET,LAD,0
1B/OF,Patrick Kivlehan (12703909),Patrick Kivlehan,12703909,1B/OF,2900,LAD@PIT 05/25/2019 07:15PM ET,PIT,0
3B,Jung Ho Kang (12703918),Jung Ho Kang,12703918,3B,2900,LAD@PIT 05/25/2019 07:15PM ET,PIT,3.68
OF,Dylan Carlson (12703908),Dylan Carlson,12703908,OF,2900,ATL@STL 05/25/2019 07:15PM ET,STL,0
2B/3B,Jedd Gyorko (12703914),Jedd Gyorko,12703914,2B/3B,2900,ATL@STL 05/25/2019 07:15PM ET,STL,1.48
OF,Ender Inciarte (12703916),Ender Inciarte,12703916,OF,2900,ATL@STL 05/25/2019 07:15PM ET,ATL,4.98
OF,Yordan Alvarez (12703902),Yordan Alvarez,12703902,OF,2900,BOS@HOU 05/25/2019 07:15PM ET,HOU,0
2B/3B,Eduardo Nunez (12703911),Eduardo Nunez,12703911,2B/3B,2900,BOS@HOU 05/25/2019 07:15PM ET,BOS,3.97
1B,Tyler White (12703913),Tyler White,12703913,1B,2900,BOS@HOU 05/25/2019 07:15PM ET,HOU,4.32
OF,Anthony Santander (12703899),Anthony Santander,12703899,OF,2900,BAL@COL 05/25/2019 09:10PM ET,BAL,20
1B,Roberto Ramos (12703900),Roberto Ramos,12703900,1B,2900,BAL@COL 05/25/2019 09:10PM ET,COL,0
SS,Alcides Escobar (12703901),Alcides Escobar,12703901,SS,2900,BAL@COL 05/25/2019 09:10PM ET,BAL,0
C,Dom Nunez (12703903),Dom Nunez,12703903,C,2900,BAL@COL 05/25/2019 09:10PM ET,COL,0
2B/SS,Garrett Hampson (12703906),Garrett Hampson,12703906,2B/SS,2900,BAL@COL 05/25/2019 09:10PM ET,COL,3.71
C,Jose Trevino (12703917),Jose Trevino,12703917,C,2900,TEX@LAA 05/25/2019 10:07PM ET,TEX,0
C,Keibert Ruiz (12703927),Keibert Ruiz,12703927,C,2800,LAD@PIT 05/25/2019 07:15PM ET,LAD,0
OF,Connor Joe (12703929),Connor Joe,12703929,OF,2800,LAD@PIT 05/25/2019 07:15PM ET,LAD,0.88
OF,Jared Oliva (12703930),Jared Oliva,12703930,OF,2800,LAD@PIT 05/25/2019 07:15PM ET,PIT,0
C,Steven Baron (12703936),Steven Baron,12703936,C,2800,LAD@PIT 05/25/2019 07:15PM ET,PIT,0
C,Raffy Lopez (12703928),Raffy Lopez,12703928,C,2800,ATL@STL 05/25/2019 07:15PM ET,ATL,0
2B/SS,Jonathan Arauz (12703932),Jonathan Arauz,12703932,2B/SS,2800,BOS@HOU 05/25/2019 07:15PM ET,HOU,0
OF,DJ Stewart (12703919),DJ Stewart,12703919,OF,2800,BAL@COL 05/25/2019 09:10PM ET,BAL,0
3B,Rylan Bannon (12703920),Rylan Bannon,12703920,3B,2800,BAL@COL 05/25/2019 09:10PM ET,BAL,0
C,Brett Nicholas (12703921),Brett Nicholas,12703921,C,2800,BAL@COL 05/25/2019 09:10PM ET,COL,0
C,Andrew Susac (12703922),Andrew Susac,12703922,C,2800,BAL@COL 05/25/2019 09:10PM ET,BAL,0
1B/3B,Tyler Nevin (12703923),Tyler Nevin,12703923,1B/3B,2800,BAL@COL 05/25/2019 09:10PM ET,COL,0
3B/SS,Jack Reinheimer (12703925),Jack Reinheimer,12703925,3B/SS,2800,BAL@COL 05/25/2019 09:10PM ET,BAL,0
2B,Luis Rengifo (12703931),Luis Rengifo,12703931,2B,2800,TEX@LAA 05/25/2019 10:07PM ET,LAA,3.64
2B/3B,Ty Kelly (12703934),Ty Kelly,12703934,2B/3B,2800,TEX@LAA 05/25/2019 10:07PM ET,LAA,0
C,Rocky Gale (12703945),Rocky Gale,12703945,C,2700,LAD@PIT 05/25/2019 07:15PM ET,LAD,1.6
C,Josh Thole (12703946),Josh Thole,12703946,C,2700,LAD@PIT 05/25/2019 07:15PM ET,LAD,0
1B,Luken Baker (12703948),Luken Baker,12703948,1B,2700,ATL@STL 05/25/2019 07:15PM ET,STL,0
C,Max Stassi (12703944),Max Stassi,12703944,C,2700,BOS@HOU 05/25/2019 07:15PM ET,HOU,3.29
OF,Seth Beer (12703947),Seth Beer,12703947,OF,2700,BOS@HOU 05/25/2019 07:15PM ET,HOU,0
OF,Sam Hilliard (12703937),Sam Hilliard,12703937,OF,2700,BAL@COL 05/25/2019 09:10PM ET,COL,0
C,Chance Sisco (12703938),Chance Sisco,12703938,C,2700,BAL@COL 05/25/2019 09:10PM ET,BAL,0
C,Carlos Perez (12703939),Carlos Perez,12703939,C,2700,BAL@COL 05/25/2019 09:10PM ET,BAL,0
SS,Zach Vincej (12703940),Zach Vincej,12703940,SS,2700,BAL@COL 05/25/2019 09:10PM ET,BAL,0
OF,Cesar Puello (12703941),Cesar Puello,12703941,OF,2700,TEX@LAA 05/25/2019 10:07PM ET,LAA,0
OF,Michael Hermosillo (12703942),Michael Hermosillo,12703942,OF,2700,TEX@LAA 05/25/2019 10:07PM ET,LAA,0
C,Dustin Garneau (12703943),Dustin Garneau,12703943,C,2700,TEX@LAA 05/25/2019 10:07PM ET,LAA,4
1B/2B,Jose Fernandez (12703949),Jose Fernandez,12703949,1B/2B,2700,TEX@LAA 05/25/2019 10:07PM ET,LAA,0
3B/OF,Cody Asche (12703957),Cody Asche,12703957,3B/OF,2600,LAD@PIT 05/25/2019 07:15PM ET,LAD,0
2B,Stephen Alemais (12703962),Stephen Alemais,12703962,2B,2600,LAD@PIT 05/25/2019 07:15PM ET,PIT,0
C,Elias Diaz (12703964),Elias Diaz,12703964,C,2600,LAD@PIT 05/25/2019 07:15PM ET,PIT,3.9
C,Sandy Leon (12703963),Sandy Leon,12703963,C,2600,BOS@HOU 05/25/2019 07:15PM ET,BOS,4
SS,Miguelangel Sierra (12703966),Miguelangel Sierra,12703966,SS,2600,BOS@HOU 05/25/2019 07:15PM ET,HOU,0
OF,Colby Rasmus (12703951),Colby Rasmus,12703951,OF,2600,BAL@COL 05/25/2019 09:10PM ET,BAL,0
OF,Yusniel Diaz (12703952),Yusniel Diaz,12703952,OF,2600,BAL@COL 05/25/2019 09:10PM ET,BAL,0
2B/3B,Jace Peterson (12703953),Jace Peterson,12703953,2B/3B,2600,BAL@COL 05/25/2019 09:10PM ET,BAL,0
OF,Jaycob Brugman (12703955),Jaycob Brugman,12703955,OF,2600,BAL@COL 05/25/2019 09:10PM ET,BAL,0
2B/SS,Engelb Vielma (12703959),Engelb Vielma,12703959,2B/SS,2600,BAL@COL 05/25/2019 09:10PM ET,BAL,0
OF,Jabari Blash (12703956),Jabari Blash,12703956,OF,2600,TEX@LAA 05/25/2019 10:07PM ET,LAA,0
OF,Jahmai Jones (12703961),Jahmai Jones,12703961,OF,2600,TEX@LAA 05/25/2019 10:07PM ET,LAA,0
OF,Peter Bourjos (12703965),Peter Bourjos,12703965,OF,2600,TEX@LAA 05/25/2019 10:07PM ET,LAA,1.46
OF,Calvin Mitchell (12703976),Calvin Mitchell,12703976,OF,2500,LAD@PIT 05/25/2019 07:15PM ET,PIT,0
OF,Cole Brannen (12703971),Cole Brannen,12703971,OF,2500,BOS@HOU 05/25/2019 07:15PM ET,BOS,0
OF,Bryce Brentz (12703972),Bryce Brentz,12703972,OF,2500,BOS@HOU 05/25/2019 07:15PM ET,BOS,0
2B,Christopher Bostick (12703967),Christopher Bostick,12703967,2B,2500,BAL@COL 05/25/2019 09:10PM ET,BAL,0
C,Jesus Sucre (12703968),Jesus Sucre,12703968,C,2500,BAL@COL 05/25/2019 09:10PM ET,BAL,3.10
SS,Jean Carmona (12703970),Jean Carmona,12703970,SS,2500,BAL@COL 05/25/2019 09:10PM ET,BAL,0
OF,Brandon Marsh (12703969),Brandon Marsh,12703969,OF,2500,TEX@LAA 05/25/2019 10:07PM ET,LAA,0
OF,Bubba Thompson (12703973),Bubba Thompson,12703973,OF,2500,TEX@LAA 05/25/2019 10:07PM ET,TEX,0
2B,Carlos Asuaje (12703974),Carlos Asuaje,12703974,2B,2500,TEX@LAA 05/25/2019 10:07PM ET,TEX,0
C,Adam Moore (12703975),Adam Moore,12703975,C,2500,TEX@LAA 05/25/2019 10:07PM ET,TEX,0
1B,Greyson Jenista (12703977),Greyson Jenista,12703977,1B,2400,ATL@STL 05/25/2019 07:15PM ET,ATL,0
3B,Triston Casas (12703978),Triston Casas,12703978,3B,2400,BOS@HOU 05/25/2019 07:15PM ET,BOS,0
SS,Oneil Cruz (12703984),Oneil Cruz,12703984,SS,2300,LAD@PIT 05/25/2019 07:15PM ET,PIT,0
2B,Jack Lopez (12703981),Jack Lopez,12703981,2B,2300,ATL@STL 05/25/2019 07:15PM ET,ATL,0
OF,Drew Waters (12703982),Drew Waters,12703982,OF,2300,ATL@STL 05/25/2019 07:15PM ET,ATL,0
3B,Jomar Reyes (12703980),Jomar Reyes,12703980,3B,2300,BAL@COL 05/25/2019 09:10PM ET,BAL,0
OF,Brennon Lund (12703979),Brennon Lund,12703979,OF,2300,TEX@LAA 05/25/2019 10:07PM ET,LAA,0
OF,Chris Young (12703983),Chris Young,12703983,OF,2300,TEX@LAA 05/25/2019 10:07PM ET,LAA,0
SS,Cole Tucker (12703985),Cole Tucker,12703985,SS,2200,LAD@PIT 05/25/2019 07:15PM ET,PIT,3.52
SS,Jeter Downs (12703986),Jeter Downs,12703986,SS,2200,LAD@PIT 05/25/2019 07:15PM ET,LAD,0
C,Travis Swaggerty (12703988),Travis Swaggerty,12703988,C,2200,LAD@PIT 05/25/2019 07:15PM ET,PIT,0
C,Tony Sanchez (12703987),Tony Sanchez,12703987,C,2200,TEX@LAA 05/25/2019 10:07PM ET,TEX,0
3B,Jake Elmore (12703989),Jake Elmore,12703989,3B,2100,LAD@PIT 05/25/2019 07:15PM ET,PIT,0.3
C,Francisco Cervelli (12703990),Francisco Cervelli,12703990,C,2100,LAD@PIT 05/25/2019 07:15PM ET,PIT,4.12
SS,Jeremiah Jackson (12703991),Jeremiah Jackson,12703991,SS,2100,TEX@LAA 05/25/2019 10:07PM ET,LAA,0
OF,Jordyn Adams (12703992),Jordyn Adams,12703992,OF,2100,TEX@LAA 05/25/2019 10:07PM ET,LAA,0
C,Will Smith (12703998),Will Smith,12703998,C,2000,LAD@PIT 05/25/2019 07:15PM ET,LAD,0
OF,Lolo Sanchez (12704004),Lolo Sanchez,12704004,OF,2000,LAD@PIT 05/25/2019 07:15PM ET,PIT,0
C,John Bormann (12704005),John Bormann,12704005,C,2000,LAD@PIT 05/25/2019 07:15PM ET,PIT,0
C,William Contreras (12703999),William Contreras,12703999,C,2000,ATL@STL 05/25/2019 07:15PM ET,ATL,0
3B,Nolan Gorman (12704000),Nolan Gorman,12704000,3B,2000,ATL@STL 05/25/2019 07:15PM ET,STL,0
C,Oscar Hernandez (12704001),Oscar Hernandez,12704001,C,2000,BOS@HOU 05/25/2019 07:15PM ET,BOS,0
3B,Jean Carlos Encarnacion (12703994),Jean Carlos Encarnacion,12703994,3B,2000,BAL@COL 05/25/2019 09:10PM ET,BAL,0
3B,Adrian Beltre (12703993),Adrian Beltre,12703993,3B,2000,TEX@LAA 05/25/2019 10:07PM ET,TEX,0
C,Jeff Mathis (12703995),Jeff Mathis,12703995,C,2000,TEX@LAA 05/25/2019 10:07PM ET,TEX,3.15
3B/SS,Zack Cozart (12703996),Zack Cozart,12703996,3B/SS,2000,TEX@LAA 05/25/2019 10:07PM ET,LAA,2.03
SS,Leonardo Rivas (12704002),Leonardo Rivas,12704002,SS,2000,TEX@LAA 05/25/2019 10:07PM ET,LAA,0
SS,Livan Soto (12704003),Livan Soto,12704003,SS,2000,TEX@LAA 05/25/2019 10:07PM ET,LAA,0
