"Name","Team","PA","BB%","K%","BB/K","SB","OBP","SLG","OPS","ISO","Spd","BABIP","wRC","wRAA","wOBA","wRC+","playerid"
"Rajai Davis","Mets","3","0.0 %","0.0 %","0.00","0",".667","1.667","2.333","1.000","2.6",".500","2","1.6",".951","525","3708"
"Adeiny Hechavarria","Mets","3","0.0 %","0.0 %","0.00","0",".667","1.667","2.333","1.000","2.6",".500","2","1.6",".951","525","10459"
"Francisco Liriano","Pirates","1","0.0 %","0.0 %","0.00","0","1.000","1.000","2.000",".000","0.1","1.000","1","0.5",".874","470","3201"
"Drew Gagnon","Mets","1","0.0 %","0.0 %","0.00","0","1.000","1.000","2.000",".000","0.1","1.000","1","0.5",".874","474","12545"
"Max Fried","Braves","2","0.0 %","0.0 %","0.00","0","1.000","1.000","2.000",".000","2.6","1.000","1","0.9",".874","466","13743"
"Taylor Clarke","Diamondbacks","1","0.0 %","0.0 %","0.00","0","1.000","1.000","2.000",".000","0.1","1.000","1","0.5",".874","466","17611"
"Matt Beaty","Dodgers","2","0.0 %","0.0 %","0.00","0","1.000","1.000","2.000",".000","0.1","1.000","1","0.9",".874","472","17710"
"Austin Riley","Braves","12","8.3 %","25.0 %","0.33","0",".583","1.636","2.220","1.091","2.1",".500","7","5.5",".863","459","18360"
"Phillip Ervin","Reds","8","37.5 %","0.0 %","3.00","0",".875","1.400","2.275",".600","4.4",".800","4","3.4",".825","433","14738"
"Dakota Hudson","Cardinals","2","0.0 %","0.0 %","0.00","0","1.000","1.000","2.000",".000","0.1","1.000","1","0.8",".796","418","19206"
"Victor Caratini","Cubs","5","20.0 %","20.0 %","1.00","0",".800","1.000","1.800",".250","1.1","1.000","2","1.8",".733","374","14968"
"Anthony Santander","Orioles","1","0.0 %","0.0 %","0.00","0","1.000",".000","1.000",".000","0.1",".000","0","0.3",".719","367","14551"
"Mike Ford","Yankees","1","100.0 %","0.0 %","1.00","0","1.000",".000","1.000",".000","0.1",".000","0","0.3",".690","347","15585"
"Troy Tulowitzki","Yankees","5","0.0 %","20.0 %","0.00","0",".400","1.200","1.600",".800","0.1",".333","2","1.4",".642","315","3531"
"Manny Pina","Brewers","12","0.0 %","33.3 %","0.00","0",".583","1.000","1.583",".500","2.6",".800","5","3.2",".635","308","2829"
"Manny Machado","Padres","35","14.3 %","25.7 %","0.56","0",".514","1.034","1.549",".621","1.6",".429","13","8.6",".608","294","11493"
"Corbin Burnes","Brewers","4","0.0 %","25.0 %","0.00","0",".667",".667","1.333",".000","0.1","1.000","1","0.9",".582","272","19361"
"Jon Berti","Marlins","12","25.0 %","8.3 %","3.00","0",".500","1.000","1.500",".667","2.6",".167","4","2.6",".575","274","12037"
"Tomas Nido","Mets","5","0.0 %","20.0 %","0.00","0",".400","1.000","1.400",".600","0.1",".333","2","1.1",".571","272","13755"
"Carson Kelly","Diamondbacks","35","14.3 %","20.0 %","0.71","0",".514",".900","1.414",".467","0.8",".500","12","7.3",".565","260","13620"
"Bryan Reynolds","Pirates","29","6.9 %","17.2 %","0.40","0",".517",".852","1.369",".370","0.1",".550","10","6.0",".565","264","19326"
"Luis Arraez","Twins","4","50.0 %","0.0 %","2.00","0",".750",".500","1.250",".000","1.6",".500","1","0.8",".563","261","18568"
"Javier Baez","Cubs","37","10.8 %","29.7 %","0.36","0",".459",".969","1.428",".563","4.6",".471","12","7.5",".559","258","12979"
"Jake Cave","Twins","5","20.0 %","40.0 %","0.50","0",".600",".750","1.350",".250","1.6","1.000","2","1.0",".559","258","14477"
"Terrance Gore","Royals","13","7.7 %","7.7 %","1.00","3",".615",".667","1.282",".083","3.9",".636","4","2.6",".551","253","13658"
"Zack Greinke","Diamondbacks","13","7.7 %","15.4 %","0.50","0",".500",".818","1.318",".364","2.0",".500","4","2.5",".543","246","1943"
"Carlos Gomez","Mets","5","20.0 %","20.0 %","1.00","0",".600",".667","1.267",".333","2.6",".500","1","0.9",".528","243","4881"
"Austin Wynns","Orioles","4","0.0 %","0.0 %","0.00","0",".500",".750","1.250",".250","0.1",".500","1","0.7",".526","237","15271"
"Josh Reddick","Astros","34","11.8 %","14.7 %","0.80","1",".529",".733","1.263",".267","4.8",".542","10","6.0",".526","242","3892"
"Jean Segura","Phillies","37","5.4 %","16.2 %","0.33","0",".432",".857","1.290",".457","2.6",".423","11","6.5",".525","236","5933"
"Nolan Arenado","Rockies","64","10.9 %","14.1 %","0.78","0",".453",".860","1.313",".474","5.3",".366","19","11.2",".524","220","9777"
"J.D. Martinez","Red Sox","44","9.1 %","18.2 %","0.50","0",".432",".872","1.304",".513","1.1",".320","13","7.7",".524","232","6184"
"Jake Marisnick","Astros","32","6.3 %","31.3 %","0.20","0",".484",".750","1.234",".321","2.1",".625","9","5.2",".512","232","11339"
"Jordan Luplow","Indians","44","11.4 %","31.8 %","0.36","1",".409",".872","1.281",".538","3.0",".368","13","7.2",".512","224","16424"
"Mitch Garver","Twins","25","16.0 %","16.0 %","1.00","0",".520",".714","1.234",".286","5.1",".500","7","4.1",".510","225","15161"
"Fernando Tatis Jr.","Padres","18","22.2 %","22.2 %","1.00","2",".556",".667","1.222",".333","6.3",".429","5","2.9",".509","227","19709"
"Kelvin Gutierrez","Royals","14","0.0 %","28.6 %","0.00","0",".429",".786","1.214",".357","2.6",".556","4","2.2",".502","220","17468"
"Anthony Rendon","Nationals","38","13.2 %","15.8 %","0.83","1",".474",".774","1.248",".419","5.8",".364","11","5.9",".501","218","12861"
"Paul DeJong","Cardinals","32","18.8 %","15.6 %","1.20","2",".469",".769","1.238",".423","6.1",".368","9","4.9",".500","221","18015"
"C.J. Cron","Twins","37","8.1 %","13.5 %","0.60","0",".405",".844","1.249",".500","2.3",".261","10","5.5",".494","214","12546"
"Tyler Austin","- - -","42","14.3 %","38.1 %","0.38","0",".452",".750","1.202",".389","2.0",".563","11","6.2",".491","216","11850"
"Xander Bogaerts","Red Sox","49","16.3 %","8.2 %","2.00","0",".449",".775","1.224",".425","1.6",".303","13","7.1",".489","208","12161"
"Trea Turner","Nationals","13","7.7 %","7.7 %","1.00","1",".462",".750","1.212",".333","6.2",".400","3","1.8",".486","207","16252"
"Nicholas Castellanos","Tigers","30","10.0 %","13.3 %","0.75","0",".467",".692","1.159",".308","1.8",".400","8","4.2",".482","208","11737"
"Miguel Cabrera","Tigers","29","20.7 %","20.7 %","1.00","0",".517",".609","1.126",".217","0.9",".500","7","3.9",".476","204","1744"
"Sean Rodriguez","Phillies","17","11.8 %","11.8 %","1.00","0",".471",".667","1.137",".267","1.3",".417","4","2.3",".475","203","6589"
"Jose Altuve","Astros","34","5.9 %","17.6 %","0.33","0",".382",".781","1.164",".438","0.2",".318","9","4.5",".474","207","5417"
"Brian Dozier","Nationals","38","15.8 %","23.7 %","0.67","1",".474",".656","1.130",".281","4.1",".476","10","4.9",".471","198","9810"
"Kevan Smith","Angels","33","18.2 %","12.1 %","1.50","0",".515",".593","1.108",".185","1.0",".478","8","4.3",".471","204","12284"
"Dustin Peterson","Tigers","11","18.2 %","27.3 %","0.67","0",".545",".500","1.045",".125","0.8",".600","3","1.3",".461","194","15189"
"DJ LeMahieu","Yankees","33","12.1 %","15.2 %","0.80","1",".515",".552","1.067",".103","4.7",".542","8","4.0",".460","192","9874"
"Corey Dickerson","Pirates","3","66.7 %","0.0 %","2.00","0",".667",".000",".667",".000","0.1",".000","1","0.4",".460","194","10762"
"Pedro Severino","Orioles","33","3.0 %","21.2 %","0.14","0",".394",".710","1.104",".355","0.1",".381","8","3.9",".456","190","14523"
"Peter Alonso","Mets","49","12.2 %","38.8 %","0.32","0",".367",".767","1.135",".488","3.0",".368","12","5.7",".454","194","19251"
"Christian Vazquez","Red Sox","45","8.9 %","6.7 %","1.33","1",".422",".700","1.122",".325","4.8",".343","11","5.1",".453","184","9774"
"Kurt Suzuki","Nationals","18","5.6 %","16.7 %","0.33","0",".389",".706","1.095",".353","2.0",".333","4","2.1",".452","185","8259"
"Wil Myers","Padres","29","3.4 %","37.9 %","0.09","1",".379",".714","1.094",".357","2.5",".500","7","3.3",".452","189","10047"
"Jose Martinez","Cardinals","26","0.0 %","15.4 %","0.00","0",".385",".692","1.077",".308","2.6",".400","6","2.9",".448","186","7996"
"Juan Soto","Nationals","56","7.1 %","23.2 %","0.31","1",".411",".667","1.077",".314","6.4",".429","13","6.1",".446","181","20123"
"Aaron Judge","Yankees","16","25.0 %","18.8 %","1.33","2",".563",".417",".979",".000","4.3",".556","4","1.7",".445","182","15640"
"Tony Kemp","Astros","7","14.3 %","42.9 %","0.33","0",".429",".667","1.095",".333","5.1",".667","2","0.8",".445","187","14894"
"Joey Gallo","Rangers","48","12.5 %","41.7 %","0.30","0",".396",".707","1.103",".390","1.2",".500","11","5.2",".445","176","14128"
"Cody Bellinger","Dodgers","76","13.2 %","14.5 %","0.91","2",".421",".662","1.083",".323","3.6",".327","17","8.0",".442","184","15998"
"Nick Ahmed","Diamondbacks","62","3.2 %","22.6 %","0.14","1",".403",".661","1.064",".271","5.2",".477","14","6.4",".439","177","12147"
"Brandon Nimmo","Mets","34","14.7 %","29.4 %","0.50","0",".471",".556","1.026",".222","2.4",".500","8","3.5",".439","184","12927"
"Mike Montgomery","Cubs","2","0.0 %","50.0 %","0.00","0",".500",".500","1.000",".000","0.1","1.000","0","0.2",".437","177","4869"
"Zach Eflin","Phillies","6","0.0 %","33.3 %","0.00","0",".500",".500","1.000",".000","1.6",".750","1","0.6",".437","177","13774"
"Steven Brault","Pirates","2","0.0 %","0.0 %","0.00","0",".500",".500","1.000",".000","0.1",".500","0","0.2",".437","178","15291"
"Jack Flaherty","Cardinals","3","0.0 %","0.0 %","0.00","0",".500",".500","1.000",".000","2.6",".500","1","0.3",".437","179","17479"
"Kenta Maeda","Dodgers","9","0.0 %","0.0 %","0.00","0",".500",".500","1.000",".000","0.1",".500","2","0.9",".437","181","18498"
"Cole Irvin","Phillies","2","0.0 %","50.0 %","0.00","0",".500",".500","1.000",".000","0.1","1.000","0","0.2",".437","177","19244"
"Ronald Acuna Jr.","Braves","54","11.1 %","20.4 %","0.55","0",".385",".689","1.074",".400","4.2",".276","12","5.3",".433","173","18401"
"Byron Buxton","Twins","30","10.0 %","23.3 %","0.43","0",".433",".593","1.026",".222","2.6",".474","7","2.9",".433","173","14161"
"Hanser Alberto","Orioles","48","0.0 %","18.8 %","0.00","1",".417",".604","1.021",".188","4.0",".486","11","4.7",".432","174","11902"
"Yandy Diaz","Rays","53","13.2 %","26.4 %","0.50","1",".396",".652","1.048",".348","6.6",".357","12","5.1",".432","177","16578"
"Carlos Correa","Astros","53","9.4 %","18.9 %","0.50","0",".396",".646","1.042",".313","3.1",".371","12","5.1",".431","178","14162"
"Trey Mancini","Orioles","59","10.2 %","22.0 %","0.46","0",".407",".642","1.048",".302","1.9",".405","13","5.7",".431","173","15149"
"Stephen Piscotty","Athletics","58","6.9 %","22.4 %","0.31","0",".414",".623","1.036",".245","0.7",".447","13","5.5",".431","176","13367"
"Tim Beckham","Mariners","45","6.7 %","31.1 %","0.21","0",".400",".619","1.019",".262","1.6",".480","10","4.2",".427","176","7949"
"Roberto Perez","Indians","38","15.8 %","36.8 %","0.43","0",".421",".594","1.015",".281","1.0",".467","8","3.5",".426","167","2900"
"Omar Narvaez","Mariners","19","21.1 %","10.5 %","2.00","0",".474",".538","1.012",".231","0.4",".273","4","1.7",".425","175","13338"
"Eric Thames","Brewers","21","23.8 %","28.6 %","0.83","0",".476",".500",".976",".188","1.3",".444","4","1.9",".425","167","3711"
"Eugenio Suarez","Reds","48","18.8 %","27.1 %","0.69","1",".417",".615","1.032",".333","3.8",".318","10","4.3",".424","166","12552"
"Freddie Freeman","Braves","61","8.2 %","14.8 %","0.56","0",".393",".618","1.012",".291","2.6",".333","13","5.4",".422","165","5361"
"German Marquez","Rockies","6","0.0 %","33.3 %","0.00","0",".400",".600","1.000",".200","0.1",".667","1","0.5",".421","151","15038"
"James McCann","White Sox","31","9.7 %","22.6 %","0.43","1",".419",".571",".991",".214","4.9",".450","6","2.7",".419","167","12859"
"George Springer","Astros","57","14.0 %","22.8 %","0.62","1",".386",".638","1.024",".362","3.1",".267","12","4.9",".418","169","12856"
"Eduardo Escobar","Diamondbacks","82","1.2 %","17.1 %","0.07","0",".366",".638","1.003",".288","2.8",".377","17","6.9",".417","162","6153"
"Nick Senzel","Reds","31","6.5 %","6.5 %","1.00","2",".367",".643","1.010",".321","6.8",".292","6","2.6",".416","161","19293"
"Khris Davis","Athletics","51","7.8 %","23.5 %","0.33","0",".353",".674","1.027",".391","1.2",".250","10","4.2",".416","166","9112"
"Ildemaro Vargas","Diamondbacks","23","0.0 %","13.0 %","0.00","0",".348",".652","1.000",".304","0.6",".333","5","1.9",".416","161","13324"
"Dee Gordon","Mariners","44","4.5 %","9.1 %","0.50","2",".432",".550",".982",".150","5.7",".417","9","3.6",".414","167","8203"
"Kris Bryant","Cubs","45","15.6 %","13.3 %","1.17","0",".378",".632","1.009",".368","3.8",".241","9","3.7",".414","161","15429"
"Yonder Alonso","White Sox","41","14.6 %","17.1 %","0.86","0",".390",".600",".990",".314","1.0",".280","8","3.3",".412","163","2530"
"Eddie Rosario","Twins","40","10.0 %","17.5 %","0.57","0",".375",".629","1.004",".314","0.6",".308","8","3.1",".410","158","12155"
"Matt Olson","Athletics","27","7.4 %","25.9 %","0.29","0",".333",".667","1.000",".417","2.0",".214","5","2.1",".408","161","14344"
"Nicky Lopez","Royals","9","11.1 %","11.1 %","1.00","0",".444",".500",".944",".125","2.6",".429","2","0.7",".407","157","19339"
"Guillermo Heredia","Rays","37","8.1 %","27.0 %","0.30","0",".405",".545",".951",".212","1.0",".455","7","2.7",".403","158","18721"
"Brandon Dixon","Tigers","14","7.1 %","35.7 %","0.20","0",".357",".615",".973",".308","0.1",".429","3","1.0",".403","155","15214"
"Carlos Santana","Indians","64","20.3 %","10.9 %","1.86","0",".469",".471",".939",".137","0.4",".372","12","4.6",".403","151","2396"
"Alex Verdugo","Dodgers","47","8.5 %","12.8 %","0.67","1",".404",".548",".952",".214","7.1",".371","9","3.4",".402","157","17027"
"Yan Gomes","Nationals","25","24.0 %","16.0 %","1.50","0",".480",".444",".924",".167","0.1",".308","5","1.8",".402","151","9627"
"Ben Gamel","Brewers","30","16.7 %","23.3 %","0.71","1",".500",".391",".891",".000","4.4",".529","6","2.1",".401","151","12160"
"Kyle Farmer","Reds","31","6.5 %","22.6 %","0.29","2",".323",".655",".978",".379","5.9",".263","6","2.2",".400","150","14813"
"Ryan McMahon","Rockies","37","5.4 %","32.4 %","0.17","0",".378",".571",".950",".229","1.6",".476","7","2.6",".400","137","15112"
"J.T. Riddle","Marlins","5","0.0 %","0.0 %","0.00","0",".200",".800","1.000",".600","0.1",".000","1","0.3",".396","154","17642"
"Kyle Schwarber","Cubs","35","14.3 %","31.4 %","0.45","0",".429",".483",".911",".172","1.9",".471","7","2.3",".396","149","16478"
"Ozzie Albies","Braves","55","1.8 %","7.3 %","0.25","1",".364",".574",".938",".222","3.7",".326","10","3.6",".395","147","16556"
"Victor Robles","Nationals","43","9.3 %","27.9 %","0.33","5",".395",".528",".923",".250","6.5",".364","8","2.8",".394","146","18363"
"Greg Bird","Yankees","9","11.1 %","33.3 %","0.33","0",".333",".625",".958",".375","2.6",".250","2","0.6",".394","148","14131"
"Jarrod Dyson","Diamondbacks","16","18.8 %","25.0 %","0.75","0",".500",".333",".833",".000","2.6",".500","3","1.0",".393","145","4866"
"Matt Joyce","Braves","8","25.0 %","25.0 %","1.00","0",".500",".333",".833",".000","0.1",".500","1","0.5",".391","144","3353"
"Brock Holt","Red Sox","4","25.0 %","25.0 %","1.00","0",".500",".333",".833",".000","0.1",".500","1","0.2",".391","142","9345"
"Mitch Haniger","Mariners","48","16.7 %","27.1 %","0.62","0",".417",".500",".917",".237","1.9",".348","9","2.9",".389","151","14274"
"Mike Trout","Angels","68","20.6 %","17.6 %","1.17","1",".397",".528",".925",".302","3.1",".216","12","4.1",".388","148","10155"
"Leury Garcia","White Sox","48","2.1 %","18.8 %","0.11","2",".396",".511",".907",".156","6.3",".429","9","2.9",".388","147","5913"
"Yasmani Grandal","Brewers","62","16.1 %","14.5 %","1.11","1",".403",".510",".913",".216","3.1",".300","11","3.7",".388","142","11368"
"Andrew McCutchen","Phillies","53","17.0 %","18.9 %","0.90","1",".434",".455",".889",".136","7.1",".412","10","3.1",".388","144","9847"
"Rhys Hoskins","Phillies","56","23.2 %","23.2 %","1.00","0",".429",".463",".892",".220","0.4",".296","10","3.3",".388","144","16472"
"Scott Kingery","Phillies","16","0.0 %","18.8 %","0.00","0",".313",".625",".938",".313","2.6",".333","3","0.9",".387","144","17975"
"Ronny Rodriguez","Tigers","21","0.0 %","28.6 %","0.00","0",".286",".667",".952",".381","3.3",".357","4","1.2",".385","143","11875"
"Mike Tauchman","Yankees","22","13.6 %","40.9 %","0.33","0",".409",".474",".883",".158","2.3",".600","4","1.2",".381","139","15274"
"Dansby Swanson","Braves","47","8.5 %","12.8 %","0.67","1",".383",".524",".907",".190","5.2",".343","8","2.5",".380","137","18314"
"Nomar Mazara","Rangers","46","2.2 %","17.4 %","0.13","1",".326",".591",".917",".295","8.0",".303","8","2.4",".380","132","14553"
"Bryce Harper","Phillies","66","10.6 %","25.8 %","0.41","0",".364",".534",".898",".259","1.7",".342","11","3.4",".378","138","11579"
"Jose Abreu","White Sox","45","11.1 %","13.3 %","0.83","0",".400",".475",".875",".150","2.5",".364","8","2.3",".377","139","15676"
"Hunter Pence","Rangers","38","2.6 %","21.1 %","0.13","1",".316",".595",".910",".297","4.8",".308","7","1.9",".377","130","8252"
"Richard Urena","Blue Jays","15","6.7 %","20.0 %","0.33","0",".385",".500",".885",".167","0.8",".444","3","0.8",".377","138","16411"
"Matt Kemp","Reds","15","6.7 %","26.7 %","0.25","0",".333",".571",".905",".286","1.1",".333","3","0.8",".376","134","5631"
"Josh Phegley","Athletics","31","0.0 %","6.5 %","0.00","0",".355",".533",".888",".200","2.6",".333","5","1.5",".375","139","9308"
"Renato Nunez","Orioles","60","8.3 %","23.3 %","0.36","0",".350",".556",".906",".278","1.6",".286","10","2.9",".375","136","14503"
"Charlie Culberson","Braves","18","0.0 %","22.2 %","0.00","0",".333",".556",".889",".222","2.0",".385","3","0.8",".372","132","3298"
"Joe Panik","Giants","48","12.5 %","6.3 %","2.00","0",".396",".475",".871",".175","1.8",".297","8","2.2",".372","136","11936"
"Starlin Castro","Marlins","51","2.0 %","13.7 %","0.14","0",".373",".510",".883",".143","0.3",".390","9","2.4",".372","138","4579"
"Willson Contreras","Cubs","40","15.0 %","32.5 %","0.46","0",".375",".515",".890",".273","1.2",".294","7","1.8",".371","133","11609"
"Chad Wallach","Marlins","16","18.8 %","25.0 %","0.75","0",".438",".385",".822",".077","0.4",".444","3","0.7",".370","137","17161"
"Hernan Perez","Brewers","43","4.7 %","18.6 %","0.25","1",".326",".561",".887",".268","3.7",".300","7","1.9",".370","130","5751"
"David Dahl","Rockies","44","6.8 %","34.1 %","0.20","0",".364",".525",".889",".200","4.8",".500","7","1.9",".369","116","13744"
"Melky Cabrera","Pirates","42","2.4 %","14.3 %","0.17","0",".357",".512",".869",".171","1.0",".364","7","1.8",".369","133","4022"
"Enrique Hernandez","Dodgers","71","14.1 %","16.9 %","0.83","0",".394",".475",".869",".186","1.6",".311","12","3.1",".369","135","10472"
"Matt Chapman","Athletics","57","17.5 %","15.8 %","1.11","0",".333",".565",".899",".370","2.2",".121","9","2.5",".368","134","16505"
"Elvis Andrus","Rangers","40","7.5 %","15.0 %","0.50","1",".375",".486",".861",".162","7.2",".367","7","1.7",".367","124","8709"
"Jeff McNeil","Mets","43","9.3 %","14.0 %","0.67","0",".419",".405",".824",".081","1.9",".387","7","1.8",".366","135","15362"
"Jorge Polanco","Twins","45","4.4 %","15.6 %","0.29","0",".378",".476",".854",".143","3.3",".382","7","1.9",".366","128","13152"
"Logan Forsythe","Rangers","40","20.0 %","25.0 %","0.80","1",".410",".419",".830",".161","6.6",".381","7","1.6",".365","122","7185"
"Christian Yelich","Brewers","63","15.9 %","12.7 %","1.25","2",".381",".529",".910",".294","6.0",".205","10","2.6",".365","127","11477"
"Domingo Santana","Mariners","47","8.5 %","31.9 %","0.27","0",".319",".558",".877",".302","2.2",".320","8","1.9",".364","134","10348"
"Ian Desmond","Rockies","61","8.2 %","21.3 %","0.38","0",".311",".571",".883",".321","4.7",".256","10","2.4",".364","113","6885"
"Luke Voit","Yankees","35","5.7 %","20.0 %","0.29","0",".343",".533",".876",".267","1.1",".273","6","1.4",".364","128","14811"
"Raimel Tapia","Rockies","44","4.5 %","36.4 %","0.13","0",".341",".524",".865",".214","3.9",".458","7","1.7",".363","112","14350"
"Dominic Smith","Mets","12","16.7 %","16.7 %","1.00","0",".417",".400",".817",".100","2.0",".375","2","0.5",".363","133","15653"
"Wilmer Flores","Diamondbacks","51","2.0 %","9.8 %","0.20","0",".333",".531",".864",".224","1.7",".310","8","2.0",".363","126","5827"
"Ketel Marte","Diamondbacks","80","2.5 %","12.5 %","0.20","1",".313",".558",".871",".273","4.3",".262","13","3.1",".363","125","13613"
"Mark Canha","Athletics","37","10.8 %","18.9 %","0.57","0",".324",".545",".870",".303","2.0",".217","6","1.4",".363","130","11445"
"Michael Chavis","Red Sox","34","2.9 %","20.6 %","0.14","1",".265",".625",".890",".406","6.8",".143","5","1.3",".362","123","17321"
"Lorenzo Cain","Brewers","58","6.9 %","22.4 %","0.31","3",".328",".558",".885",".269","6.4",".316","9","2.2",".361","125","9077"
"Austin Meadows","Rays","33","6.1 %","27.3 %","0.22","1",".364",".484",".848",".161","5.1",".429","5","1.2",".361","129","15672"
"Tommy Pham","Rays","63","19.0 %","22.2 %","0.86","2",".413",".392",".805",".118","3.3",".361","10","2.3",".360","129","2967"
"Rowdy Tellez","Blue Jays","40","2.5 %","35.0 %","0.07","0",".300",".579",".879",".289","0.2",".364","6","1.4",".358","125","15679"
"Matt Carpenter","Cardinals","45","20.0 %","20.0 %","1.00","0",".378",".457",".835",".229","0.8",".240","7","1.6",".358","126","8090"
"Max Muncy","Dodgers","60","8.3 %","30.0 %","0.28","2",".317",".545",".862",".291","8.5",".303","9","2.1",".358","128","13301"
"Chris Iannetta","Rockies","26","19.2 %","34.6 %","0.56","0",".385",".476",".861",".238","0.1",".364","4","0.9",".358","109","8267"
"Harrison Bader","Cardinals","26","19.2 %","23.1 %","0.83","0",".385",".476",".861",".238","2.1",".286","4","0.9",".358","126","18030"
"Aledmys Diaz","Astros","34","11.8 %","14.7 %","0.80","0",".324",".552",".875",".310","5.1",".217","5","1.1",".356","128","15937"
"Jose Rondon","White Sox","35","2.9 %","20.0 %","0.14","0",".343",".500",".843",".176","0.1",".385","5","1.2",".356","125","14140"
"Chris Taylor","Dodgers","65","10.8 %","23.1 %","0.47","0",".344",".509",".853",".246","0.5",".308","10","2.1",".355","126","13757"
"Marwin Gonzalez","Twins","37","8.1 %","24.3 %","0.33","0",".351",".471",".822",".176","1.8",".348","6","1.1",".352","119","5497"
"Eric Sogard","Blue Jays","24","8.3 %","16.7 %","0.50","0",".348",".476",".824",".190","2.2",".313","4","0.7",".351","121","7927"
"A.J. Pollock","Dodgers","33","9.1 %","12.1 %","0.75","0",".394",".433",".827",".100","2.1",".360","5","0.9",".351","123","9256"
"Josh Bell","Pirates","56","7.1 %","28.6 %","0.25","0",".321",".520",".841",".260","1.8",".290","8","1.6",".350","121","13145"
"Dexter Fowler","Cardinals","32","18.8 %","21.9 %","0.86","0",".406",".360",".766",".120","1.8",".294","5","0.9",".350","121","4062"
"David Freese","Dodgers","52","23.1 %","23.1 %","1.00","0",".385",".400",".785",".200","1.9",".231","8","1.4",".350","123","9549"
"Juan Lagares","Mets","20","10.0 %","35.0 %","0.29","1",".400",".444",".844",".111","5.6",".545","3","0.6",".350","124","5384"
"Jake Arrieta","Phillies","7","0.0 %","14.3 %","0.00","0",".400",".400",".800",".000","2.6",".500","1","0.2",".349","119","4153"
"Sam Travis","Red Sox","5","0.0 %","0.0 %","0.00","0",".400",".400",".800",".000","0.1",".400","1","0.1",".349","115","16263"
"Pablo Lopez","Marlins","5","0.0 %","40.0 %","0.00","0",".400",".400",".800",".000","0.1",".667","1","0.1",".349","123","17085"
"Chad Pinder","Athletics","57","5.3 %","14.0 %","0.38","0",".316",".528",".844",".245","1.2",".279","8","1.6",".349","121","15191"
"John Hicks","Tigers","13","7.7 %","23.1 %","0.33","0",".385",".455",".839",".091","0.8",".444","2","0.4",".349","119","12547"
"Tzu-Wei Lin","Red Sox","8","12.5 %","37.5 %","0.33","0",".375",".429",".804",".143","1.6",".500","1","0.2",".349","114","14678"
"Daniel Murphy","Rockies","22","4.5 %","18.2 %","0.25","0",".318",".524",".842",".238","3.8",".353","3","0.6",".349","103","4316"
"Howie Kendrick","Nationals","35","0.0 %","14.3 %","0.00","0",".314",".514",".829",".200","2.6",".321","5","0.9",".348","115","4229"
"Ehire Adrianza","Twins","25","8.0 %","16.0 %","0.50","0",".320",".524",".844",".286","0.8",".188","4","0.6",".347","116","8418"
"Jurickson Profar","Athletics","45","6.7 %","17.8 %","0.38","1",".356",".476",".832",".167","5.0",".364","7","1.1",".347","120","10815"
"Gary Sanchez","Yankees","18","5.6 %","50.0 %","0.11","0",".278",".563",".840",".375","0.1",".200","3","0.5",".347","116","11442"
"Adam Eaton","Nationals","58","6.9 %","19.0 %","0.36","2",".362",".444",".807",".130","5.6",".381","9","1.4",".347","115","11205"
"David Freitas","Mariners","2","50.0 %","0.0 %","1.00","0",".500",".000",".500",".000","2.6",".000","0","0.0",".345","121","10619"
"Michael Lorenzen","Reds","2","50.0 %","50.0 %","1.00","0",".500",".000",".500",".000","2.6",".000","0","0.0",".345","113","14843"
"Aramis Garcia","Giants","2","50.0 %","0.0 %","1.00","0",".500",".000",".500",".000","2.6",".000","0","0.0",".345","118","16925"
"Orlando Arcia","Brewers","42","7.1 %","21.4 %","0.33","0",".381",".410",".791",".077","4.4",".433","6","1.0",".344","113","13185"
"Edwin Encarnacion","Mariners","45","17.8 %","20.0 %","0.89","0",".356",".432",".788",".216","1.7",".231","6","1.0",".343","120","2151"
"Yuli Gurriel","Astros","53","13.2 %","3.8 %","3.50","0",".358",".435",".793",".174","4.6",".273","8","1.1",".342","118","19198"
"Gregory Polanco","Pirates","28","7.1 %","21.4 %","0.33","0",".321",".480",".801",".240","0.1",".235","4","0.6",".341","115","12907"
"Randal Grichuk","Blue Jays","57","8.8 %","29.8 %","0.29","1",".351",".442",".793",".154","4.2",".412","8","1.2",".341","114","10243"
"Robinson Chirinos","Astros","41","24.4 %","24.4 %","1.00","0",".390",".393",".783",".179","2.0",".250","6","0.8",".340","117","3142"
"Jose Iglesias","Reds","39","5.1 %","10.3 %","0.50","0",".359",".432",".791",".108","4.3",".364","5","0.7",".340","110","10231"
"J.T. Realmuto","Phillies","48","4.2 %","16.7 %","0.25","1",".313",".535",".847",".256","5.8",".286","7","0.8",".338","111","11739"
"Kevin Newman","Pirates","14","0.0 %","14.3 %","0.00","0",".357",".429",".786",".071","0.8",".417","2","0.2",".337","112","17696"
"Erik Gonzalez","Pirates","15","6.7 %","20.0 %","0.33","2",".400",".357",".757",".000","4.6",".455","2","0.3",".337","112","13369"
"Ben Zobrist","Cubs","18","27.8 %","5.6 %","5.00","0",".444",".231",".675",".000","1.9",".250","2","0.3",".337","110","7435"
"Alex Gordon","Royals","58","10.3 %","13.8 %","0.75","1",".379",".378",".757",".133","3.8",".263","8","1.0",".337","109","5209"
"Tucker Barnhart","Reds","15","20.0 %","26.7 %","0.75","0",".400",".333",".733",".083","1.6",".375","2","0.2",".336","108","10200"
"Trevor Story","Rockies","66","3.0 %","30.3 %","0.10","5",".333",".452",".785",".161","6.8",".400","9","1.1",".336","94","12564"
"Michael Brantley","Astros","56","7.1 %","17.9 %","0.40","1",".339",".442",".782",".154","1.6",".325","8","0.9",".335","114","4106"
"Marcus Semien","Athletics","63","12.7 %","12.7 %","1.00","0",".365",".418",".783",".145","4.2",".304","9","1.0",".335","112","12533"
"Donovan Solano","Giants","13","15.4 %","15.4 %","1.00","0",".385",".364",".748",".091","2.0",".333","2","0.2",".335","112","8623"
"Adam Jones","Diamondbacks","77","3.9 %","14.3 %","0.27","0",".299",".500",".799",".230","1.2",".271","11","1.1",".334","107","6368"
"J.D. Davis","Mets","39","10.3 %","25.6 %","0.40","0",".308",".486",".793",".257","1.4",".261","5","0.6",".334","114","16219"
"Curtis Granderson","Marlins","30","6.7 %","13.3 %","0.50","0",".333",".480",".813",".200","1.6",".304","4","0.4",".333","112","4747"
"Josh Donaldson","Braves","47","23.4 %","29.8 %","0.79","0",".404",".306",".710",".083","1.8",".364","6","0.6",".333","106","5038"
"Giovanny Urshela","Yankees","29","3.4 %","20.7 %","0.17","0",".345",".429",".773",".107","0.1",".409","4","0.4",".332","106","10681"
"Anthony Rizzo","Cubs","48","12.5 %","12.5 %","1.00","1",".354",".395",".749",".184","5.0",".194","6","0.5",".330","106","3473"
"Alex Avila","Diamondbacks","9","22.2 %","11.1 %","2.00","0",".444",".167",".611",".000","2.6",".200","1","0.1",".330","104","7476"
"Danny Jansen","Blue Jays","33","9.1 %","27.3 %","0.33","0",".333",".433",".767",".167","0.8",".350","4","0.3",".330","106","16535"
"Mike Moustakas","Brewers","61","6.6 %","18.0 %","0.36","0",".311",".464",".776",".214","1.2",".262","8","0.6",".329","104","4892"
"Jorge Alfaro","Marlins","37","5.4 %","29.7 %","0.18","1",".324",".441",".766",".176","3.4",".333","5","0.4",".329","110","12180"
"Albert Pujols","Angels","58","8.6 %","15.5 %","0.56","0",".293",".491",".784",".264","0.1",".200","8","0.6",".329","108","1177"
"Charlie Blackmon","Rockies","93","5.4 %","17.2 %","0.31","0",".301",".482",".783",".235","3.8",".258","12","0.8",".328","89","7859"
"Tony Wolters","Rockies","37","0.0 %","13.5 %","0.00","0",".306",".472",".778",".167","1.2",".355","5","0.3",".326","88","11470"
"Addison Russell","Cubs","8","25.0 %","12.5 %","2.00","0",".375",".333",".708",".167","1.6",".200","1","0.1",".326","103","14106"
"Whit Merrifield","Royals","59","10.2 %","13.6 %","0.75","4",".288",".538",".827",".327","9.9",".171","8","0.4",".325","101","11281"
"Ender Inciarte","Braves","29","10.3 %","13.8 %","0.75","0",".379",".346",".725",".038","0.7",".364","4","0.2",".325","100","4922"
"Jonathan Lucroy","Angels","49","4.1 %","16.3 %","0.25","0",".286",".489",".775",".234","0.7",".250","6","0.3",".324","105","7870"
"Hunter Renfroe","Padres","31","3.2 %","9.7 %","0.33","0",".258",".552",".810",".310","4.1",".200","4","0.2",".324","104","15464"
"Yolmer Sanchez","White Sox","13","0.0 %","23.1 %","0.00","0",".308",".462",".769",".154","0.1",".400","2","0.1",".324","103","11602"
"Adalberto Mondesi","Royals","65","3.1 %","23.1 %","0.13","8",".313",".467",".779",".167","8.0",".356","8","0.4",".324","100","13769"
"Kolten Wong","Cardinals","42","7.1 %","9.5 %","0.75","1",".333",".405",".739",".162","3.8",".226","5","0.2",".323","103","12532"
"Mark Zagunis","Cubs","20","10.0 %","25.0 %","0.40","0",".350",".389",".739",".111","0.1",".385","3","0.1",".323","101","16565"
"Kendrys Morales","- - -","20","15.0 %","20.0 %","0.75","0",".400",".313",".713",".000","0.3",".385","3","0.1",".322","103","8610"
"Gerardo Parra","- - -","36","8.3 %","16.7 %","0.50","0",".361",".367",".728",".100","2.4",".320","5","0.1",".321","101","8553"
"Nelson Cruz","Twins","29","13.8 %","34.5 %","0.40","0",".345",".435",".780",".217","2.6",".308","4","0.1",".321","98","2434"
"Josh VanMeter","Reds","5","0.0 %","0.0 %","0.00","0",".400",".250",".650",".000","0.1",".250","1","0.0",".319","96","15170"
"Andrelton Simmons","Angels","57","1.8 %","8.8 %","0.20","1",".298",".455",".753",".182","3.3",".271","7","0.1",".318","101","10847"
"Jonathan Schoop","Twins","30","3.3 %","16.7 %","0.20","0",".333",".385",".718",".154","1.6",".250","4","0.0",".318","96","11265"
"Brandon Lowe","Rays","41","4.9 %","53.7 %","0.09","0",".293",".462",".754",".205","0.8",".533","5","0.0",".318","101","18882"
"David Peralta","Diamondbacks","70","8.6 %","24.3 %","0.35","0",".343",".387",".730",".113","1.5",".356","9","0.0",".318","95","2136"
"Tommy La Stella","Angels","37","13.5 %","8.1 %","1.67","0",".361",".333",".694",".100","1.8",".231","4","0.0",".316","100","12371"
"Mark Reynolds","Rockies","50","16.0 %","38.0 %","0.42","1",".320",".405",".725",".214","4.2",".286","6","-0.1",".316","81","7619"
"Manuel Margot","Padres","21","9.5 %","28.6 %","0.33","0",".381",".316",".697",".000","2.6",".462","3","0.0",".315","98","14712"
"Todd Frazier","Mets","15","0.0 %","40.0 %","0.00","0",".333",".400",".733",".067","2.0",".556","2","0.0",".315","101","785"
"Erik Kratz","- - -","10","10.0 %","10.0 %","1.00","0",".300",".444",".744",".222","0.1",".250","1","0.0",".315","99","4403"
"Shohei Ohtani","Angels","20","15.0 %","35.0 %","0.43","0",".400",".250",".650",".000","0.1",".444","2","0.0",".314","99","19755"
"Matt Adams","Nationals","13","0.0 %","23.1 %","0.00","0",".231",".538",".769",".308","0.1",".222","2","0.0",".314","93","9393"
"Jake Bauers","Indians","51","7.8 %","29.4 %","0.27","0",".314",".413",".727",".174","1.9",".310","6","-0.1",".314","91","15194"
"Michael Conforto","Mets","49","4.1 %","24.5 %","0.17","1",".306",".422",".728",".178","4.8",".290","6","-0.2",".313","100","16376"
"Russell Martin","Dodgers","28","17.9 %","21.4 %","0.83","0",".357",".318",".675",".136","2.6",".200","3","-0.1",".313","98","4616"
"Thairo Estrada","Yankees","10","20.0 %","30.0 %","0.67","1",".400",".250",".650",".000","6.8",".400","1","0.0",".313","93","16426"
"Yasiel Puig","Reds","42","7.1 %","26.2 %","0.27","1",".286",".459",".745",".243","5.0",".208","5","-0.2",".312","91","14225"
"Franmil Reyes","Padres","30","6.7 %","26.7 %","0.25","0",".300",".444",".744",".185","1.1",".316","3","-0.2",".310","95","14566"
"Justin Turner","Dodgers","70","10.0 %","22.9 %","0.44","0",".300",".426",".726",".213","0.6",".233","8","-0.5",".309","96","5235"
"Amed Rosario","Mets","41","7.3 %","31.7 %","0.23","0",".268",".474",".742",".263","5.1",".261","5","-0.3",".309","97","15518"
"Paul Goldschmidt","Cardinals","34","17.6 %","20.6 %","0.86","0",".353",".321",".674",".107","2.2",".250","4","-0.2",".308","93","9218"
"Daniel Robertson","Rays","58","12.1 %","27.6 %","0.44","1",".345",".340",".685",".100","3.2",".333","7","-0.5",".308","94","14145"
"Evan Longoria","Giants","66","13.6 %","19.7 %","0.69","1",".333",".357",".690",".143","5.8",".262","7","-0.6",".307","93","9368"
"Oscar Mercado","Indians","12","8.3 %","25.0 %","0.33","0",".333",".364",".697",".091","1.1",".375","1","-0.1",".306","86","16375"
"Daniel Vogelbach","Mariners","25","12.0 %","20.0 %","0.60","0",".280",".429",".709",".286","2.6",".071","3","-0.3",".305","94","14130"
"Brandon Woodruff","Brewers","8","12.5 %","50.0 %","0.25","0",".375",".286",".661",".000","1.6",".667","1","-0.1",".305","87","16162"
"Andrew Benintendi","Red Sox","57","21.1 %","22.8 %","0.92","0",".375",".268",".643",".073","0.8",".267","6","-0.6",".304","84","17901"
"Wilmer Difo","Nationals","26","3.8 %","26.9 %","0.14","0",".308",".400",".708",".120","2.6",".353","3","-0.3",".304","86","14320"
"Ryan Braun","Brewers","57","10.5 %","22.8 %","0.46","1",".281",".431",".712",".235","3.3",".176","6","-0.6",".303","86","3410"
"Rafael Devers","Red Sox","55","1.8 %","16.4 %","0.11","0",".309",".396",".705",".113","2.6",".326","6","-0.6",".303","84","17350"
"Ronald Guzman","Rangers","19","15.8 %","42.1 %","0.38","0",".316",".375",".691",".188","0.6",".375","2","-0.2",".303","81","14388"
"Alex Bregman","Astros","50","14.0 %","24.0 %","0.58","0",".300",".405",".705",".214","1.6",".179","5","-0.6",".303","92","17678"
"Jorge Soler","Royals","53","3.8 %","37.7 %","0.10","0",".283",".440",".723",".180","0.5",".379","6","-0.7",".302","86","14221"
"Adam Frazier","Pirates","57","8.8 %","14.0 %","0.63","0",".357",".314",".671",".020","1.8",".349","6","-0.7",".302","89","15223"
"Jordy Mercer","Tigers","7","0.0 %","0.0 %","0.00","0",".286",".429",".714",".143","0.1",".286","1","-0.1",".301","86","6547"
"Isiah Kiner-Falefa","Rangers","23","13.0 %","34.8 %","0.38","0",".318",".368",".687",".158","3.8",".364","2","-0.3",".300","78","16512"
"Christian Walker","Diamondbacks","64","14.1 %","25.0 %","0.56","0",".328",".364",".692",".145","1.7",".289","7","-0.9",".300","83","13419"
"Dwight Smith Jr.","Orioles","54","1.9 %","25.9 %","0.07","3",".296",".404",".700",".135","6.5",".351","6","-0.8",".299","85","13473"
"Joey Rickard","Orioles","60","16.7 %","31.7 %","0.53","1",".350",".313",".663",".125","4.5",".286","6","-0.9",".299","85","13277"
"Tim Anderson","White Sox","50","6.0 %","22.0 %","0.27","4",".320",".362",".682",".085","6.9",".343","5","-0.8",".298","86","15172"
"Kevin Kiermaier","Rays","36","5.6 %","19.4 %","0.29","1",".306",".394",".699",".121","5.2",".308","4","-0.6",".297","87","11038"
"Brian Goodwin","Angels","33","6.1 %","15.2 %","0.40","0",".281",".414",".695",".207","6.2",".217","3","-0.6",".296","87","12858"
"Michael A. Taylor","Nationals","20","15.0 %","50.0 %","0.30","1",".350",".294",".644",".059","4.2",".571","2","-0.4",".296","81","11489"
"Jose Ramirez","Indians","64","9.4 %","9.4 %","1.00","3",".313",".368",".681",".123","4.7",".240","7","-1.1",".296","79","13510"
"Johan Camargo","Braves","36","8.3 %","27.8 %","0.30","0",".278",".455",".732",".242","3.4",".273","4","-0.6",".296","81","14950"
"Avisail Garcia","Rays","54","13.0 %","25.9 %","0.50","0",".296",".404",".701",".213","4.7",".226","6","-1.0",".294","85","5760"
"Justin Bour","Angels","25","16.0 %","24.0 %","0.67","0",".360",".250",".610",".050","0.3",".286","3","-0.5",".293","84","9744"
"Justin Smoak","Blue Jays","59","18.6 %","11.9 %","1.57","0",".339",".292",".631",".104","1.2",".200","6","-1.2",".293","81","9054"
"Jason Heyward","Cubs","44","9.1 %","29.5 %","0.31","0",".295",".375",".670",".150","1.2",".280","4","-0.9",".292","80","4940"
"Wilmer Font","Mets","4","0.0 %","50.0 %","0.00","0",".333",".333",".667",".000","0.1","1.000","0","-0.1",".291","85","5257"
"Caleb Joseph","Diamondbacks","3","0.0 %","33.3 %","0.00","0",".333",".333",".667",".000","2.6",".500","0","-0.1",".291","78","7087"
"Rocky Gale","Dodgers","3","0.0 %","66.7 %","0.00","0",".333",".333",".667",".000","0.1","1.000","0","-0.1",".291","84","10533"
"Mike Freeman","Indians","3","0.0 %","0.0 %","0.00","0",".333",".333",".667",".000","2.6",".333","0","-0.1",".291","76","11241"
"Yairo Munoz","Cardinals","12","0.0 %","25.0 %","0.00","0",".333",".333",".667",".000","2.6",".444","1","-0.3",".291","81","16313"
"Austin Allen","Padres","3","0.0 %","33.3 %","0.00","0",".333",".333",".667",".000","0.1",".500","0","-0.1",".291","82","18083"
"Teoscar Hernandez","Blue Jays","42","11.9 %","19.0 %","0.63","0",".310",".389",".698",".167","4.0",".250","4","-1.0",".290","79","13066"
"David Bote","Cubs","33","9.1 %","33.3 %","0.27","0",".303",".345",".648",".138","1.9",".294","3","-0.8",".288","77","14593"
"Yadier Molina","Cardinals","31","9.7 %","3.2 %","3.00","1",".323",".321",".644",".071","4.8",".259","3","-0.8",".287","79","7007"
"Wilson Ramos","Mets","35","14.3 %","11.4 %","1.25","0",".371",".267",".638",".000","1.9",".308","3","-0.9",".287","82","1433"
"Ryan Zimmerman","Nationals","22","4.5 %","27.3 %","0.17","0",".318",".333",".652",".048","1.3",".400","2","-0.6",".286","74","4220"
"Freddy Galvis","Blue Jays","53","1.9 %","22.6 %","0.08","1",".283",".385",".668",".115","4.1",".333","5","-1.4",".285","76","6609"
"Ian Kinsler","Padres","36","8.3 %","19.4 %","0.43","1",".250",".424",".674",".242","6.3",".167","3","-1.0",".284","78","6195"
"Brandon Crawford","Giants","56","1.8 %","26.8 %","0.07","1",".304",".352",".655",".074","6.7",".385","5","-1.6",".284","78","5343"
"Hunter Dozier","Royals","48","16.7 %","20.8 %","0.80","0",".333",".300",".633",".100","1.2",".241","4","-1.4",".283","73","15117"
"Derek Dietrich","Reds","10","0.0 %","30.0 %","0.00","0",".300",".333",".633",".111","0.1",".333","1","-0.3",".282","72","10542"
"Sandy Leon","Red Sox","15","13.3 %","20.0 %","0.67","0",".267",".385",".651",".231","0.1",".111","1","-0.4",".282","69","5273"
"Shin-Soo Choo","Rangers","36","11.1 %","25.0 %","0.44","0",".333",".267",".600",".067","1.4",".286","3","-1.1",".282","66","3174"
"Yoan Moncada","White Sox","58","1.7 %","22.4 %","0.08","1",".293",".357",".650",".089","4.0",".349","5","-1.8",".281","74","17232"
"JB Shuck","Pirates","16","0.0 %","25.0 %","0.00","1",".267",".400",".667",".133","8.0",".364","1","-0.5",".278","73","6677"
"Grayson Greiner","Tigers","23","4.3 %","39.1 %","0.11","0",".217",".455",".672",".273","1.6",".182","2","-0.8",".278","71","17062"
"Richie Martin Jr.","Orioles","43","7.0 %","32.6 %","0.21","2",".279",".359",".638",".154","5.6",".292","4","-1.4",".278","71","17736"
"Francisco Mejia","Padres","12","0.0 %","25.0 %","0.00","0",".250",".417",".667",".167","0.1",".333","1","-0.4",".278","73","16403"
"Neil Walker","Marlins","27","14.8 %","3.7 %","4.00","0",".333",".261",".594",".043","0.9",".227","2","-0.9",".277","75","7539"
"Max Kepler","Twins","45","4.4 %","13.3 %","0.33","0",".289",".357",".646",".095","0.6",".278","4","-1.5",".277","68","12144"
"Corey Seager","Dodgers","78","12.8 %","24.4 %","0.53","0",".333",".258",".591",".030","1.3",".313","7","-2.8",".275","73","13624"
"Jay Bruce","Mariners","35","11.4 %","34.3 %","0.33","0",".229",".419",".648",".290","0.8",".063","3","-1.3",".273","73","9892"
"Elias Diaz","Pirates","16","0.0 %","12.5 %","0.00","0",".313",".313",".625",".000","0.8",".357","1","-0.6",".273","69","11680"
"Brandon Belt","Giants","60","11.7 %","30.0 %","0.39","0",".283",".333",".617",".157","0.1",".219","5","-2.3",".272","70","10264"
"Cameron Maybin","Yankees","18","11.1 %","22.2 %","0.50","2",".333",".250",".583",".000","7.1",".333","1","-0.7",".271","65","5223"
"Charlie Tilson","White Sox","9","11.1 %","33.3 %","0.33","0",".333",".250",".583",".000","0.1",".400","1","-0.4",".271","68","12983"
"Martin Prado","Marlins","42","2.4 %","7.1 %","0.33","0",".286",".350",".636",".075","2.1",".289","3","-1.6",".271","71","3312"
"Michael Perez","Rays","11","0.0 %","45.5 %","0.00","0",".273",".364",".636",".091","1.6",".500","1","-0.4",".271","69","12977"
"David Fletcher","Angels","70","8.6 %","2.9 %","3.00","0",".286",".344",".629",".125","1.6",".200","6","-2.8",".270","69","17992"
"John Ryan Murphy","Diamondbacks","27","11.1 %","44.4 %","0.25","0",".222",".417",".639",".292","2.6",".100","2","-1.1",".269","63","10346"
"Danny Santana","Rangers","19","10.5 %","42.1 %","0.25","0",".263",".353",".616",".176","2.6",".250","2","-0.8",".269","57","10322"
"Greg Allen","Indians","13","15.4 %","30.8 %","0.50","0",".308",".273",".580",".091","1.1",".286","1","-0.5",".268","60","16623"
"Miguel Sano","Twins","10","10.0 %","60.0 %","0.17","0",".200",".444",".644",".333","2.6",".000","1","-0.4",".267","62","12164"
"Keon Broxton","Mets","15","13.3 %","40.0 %","0.33","2",".333",".231",".564",".000","6.6",".429","1","-0.6",".267","69","9253"
"Madison Bumgarner","Giants","14","0.0 %","57.1 %","0.00","0",".214",".429",".643",".214","0.1",".400","1","-0.6",".266","66","5524"
"Gordon Beckham","Tigers","17","11.8 %","41.2 %","0.29","0",".294",".286",".580",".143","3.6",".286","1","-0.7",".266","63","9015"
"Billy McKinney","Blue Jays","28","3.6 %","28.6 %","0.13","0",".296",".308",".604",".038","3.8",".389","2","-1.2",".265","63","15654"
"Billy Hamilton","Royals","48","12.5 %","18.8 %","0.67","5",".304",".275",".579",".075","7.6",".258","4","-2.1",".264","61","10199"
"Miguel Rojas","Marlins","52","5.8 %","3.8 %","1.50","0",".308",".306",".614",".041","0.7",".277","4","-2.3",".264","66","7802"
"Harold Ramirez","Marlins","10","0.0 %","50.0 %","0.00","0",".300",".300",".600",".000","0.1",".600","1","-0.5",".262","65","14387"
"Brad Miller","Indians","6","16.7 %","50.0 %","0.33","0",".333",".200",".533",".000","0.1",".500","0","-0.3",".261","55","12775"
"Hyun-Jin Ryu","Dodgers","6","16.7 %","33.3 %","0.50","0",".333",".200",".533",".000","2.6",".333","0","-0.3",".261","63","14444"
"Eric Hosmer","Padres","48","10.4 %","18.8 %","0.56","0",".292",".279",".571",".070","0.4",".265","3","-2.4",".258","60","3516"
"Dylan Moore","Mariners","19","15.8 %","36.8 %","0.43","0",".316",".200",".516",".067","0.8",".250","1","-1.0",".257","62","18042"
"Ryon Healy","Mariners","51","9.8 %","25.5 %","0.38","0",".275",".311",".586",".111","2.2",".273","4","-2.6",".257","62","15447"
"Stephen Vogt","Giants","13","0.0 %","38.5 %","0.00","0",".231",".385",".615",".154","2.6",".375","1","-0.7",".256","59","5000"
"Garrett Cooper","Marlins","18","0.0 %","16.7 %","0.00","0",".222",".389",".611",".167","0.1",".214","1","-0.9",".256","61","15279"
"Kevin Pillar","- - -","60","5.0 %","11.7 %","0.43","2",".233",".407",".641",".204","5.6",".170","4","-3.1",".255","60","12434"
"Delino DeShields","Rangers","29","10.3 %","20.7 %","0.50","4",".241",".346",".588",".192","6.9",".158","2","-1.5",".255","48","11379"
"Gleyber Torres","Yankees","32","3.1 %","28.1 %","0.11","0",".258",".333",".591",".100","1.9",".333","2","-1.7",".254","54","16997"
"Francisco Lindor","Indians","44","6.8 %","13.6 %","0.50","1",".273",".325",".598",".125","3.9",".212","3","-2.3",".254","51","12916"
"Jose Peraza","Reds","42","7.1 %","14.3 %","0.50","2",".262",".308",".570",".103","5.3",".219","3","-2.4",".250","50","13593"
"Jason Castro","Twins","9","22.2 %","22.2 %","1.00","0",".333",".143",".476",".000","2.6",".200","1","-0.5",".250","50","8722"
"Cam Gallagher","Royals","16","12.5 %","12.5 %","1.00","0",".313",".214",".527",".000","2.6",".250","1","-0.9",".250","51","12981"
"Brendan Rodgers","Rockies","7","0.0 %","28.6 %","0.00","0",".286",".286",".571",".000","2.6",".400","0","-0.4",".250","37","17907"
"Keston Hiura","Brewers","7","0.0 %","42.9 %","0.00","0",".286",".286",".571",".000","0.1",".500","0","-0.4",".250","50","20003"
"Odubel Herrera","Phillies","26","0.0 %","15.4 %","0.00","0",".269",".320",".589",".040","0.4",".318","2","-1.5",".249","52","11476"
"Jesus Aguilar","Brewers","50","12.0 %","26.0 %","0.46","0",".250",".310",".560",".167","0.1",".148","3","-2.9",".249","50","11342"
"Tom Murphy","Mariners","29","3.4 %","51.7 %","0.07","0",".276",".286",".562",".036","0.1",".538","2","-1.7",".247","55","13499"
"Lewis Brinson","Marlins","20","0.0 %","20.0 %","0.00","0",".250",".316",".566",".105","2.6",".267","1","-1.2",".246","54","14352"
"Marcell Ozuna","Cardinals","26","3.8 %","23.1 %","0.17","0",".192",".400",".592",".240","2.6",".118","2","-1.6",".246","51","10324"
"Steve Pearce","Red Sox","41","4.9 %","39.0 %","0.13","0",".250",".316",".566",".105","2.3",".333","3","-2.5",".246","45","9957"
"Brian Anderson","Marlins","50","8.0 %","28.0 %","0.29","0",".260",".289",".549",".111","0.1",".233","3","-3.0",".246","54","18289"
"Niko Goodrum","Tigers","29","20.7 %","20.7 %","1.00","1",".310",".182",".492",".045","6.0",".176","2","-1.8",".245","49","12092"
"Tyler Naquin","Indians","16","6.3 %","31.3 %","0.20","0",".267",".286",".552",".071","2.6",".333","1","-1.0",".244","45","13359"
"Rougned Odor","Rangers","40","7.5 %","37.5 %","0.20","0",".231",".333",".564",".167","2.6",".250","2","-2.5",".243","40","12282"
"Albert Almora Jr.","Cubs","49","2.0 %","18.4 %","0.11","0",".224",".340",".565",".149","1.1",".194","3","-3.1",".242","47","14109"
"Austin Barnes","Dodgers","39","10.3 %","23.1 %","0.44","0",".282",".273",".555",".091","0.8",".240","2","-2.5",".239","49","12158"
"Garrett Hampson","Rockies","44","4.5 %","22.7 %","0.20","0",".256",".293",".548",".073","6.2",".290","2","-2.9",".239","29","19262"
"Eduardo Nunez","Red Sox","39","5.1 %","17.9 %","0.29","2",".231",".333",".564",".139","6.3",".207","2","-2.6",".239","40","6848"
"Cesar Hernandez","Phillies","49","8.2 %","12.2 %","0.67","0",".265",".279",".544",".070","1.9",".231","3","-3.2",".239","45","10556"
"Mike Zunino","Rays","28","10.7 %","35.7 %","0.30","0",".250",".280",".530",".120","0.6",".214","2","-1.9",".238","47","13265"
"Adam Engel","White Sox","23","8.7 %","34.8 %","0.25","0",".261",".250",".511",".100","2.6",".250","1","-1.6",".236","44","15082"
"Asdrubal Cabrera","Rangers","43","11.6 %","18.6 %","0.63","0",".256",".278",".534",".111","0.8",".172","2","-2.9",".236","36","4962"
"Josh Harrison","Tigers","21","0.0 %","23.8 %","0.00","0",".190",".381",".571",".190","1.6",".200","1","-1.4",".236","43","8202"
"Tyler White","Astros","45","13.3 %","37.8 %","0.35","0",".289",".205",".494",".026","0.5",".318","2","-3.1",".236","47","15564"
"Mitch Moreland","Red Sox","23","13.0 %","34.8 %","0.38","0",".261",".250",".511",".100","1.6",".250","1","-1.6",".235","37","3086"
"Ryan Cordell","White Sox","29","10.3 %","41.4 %","0.25","0",".276",".231",".507",".038","0.3",".357","2","-2.0",".234","43","15181"
"J.P. Crawford","Mariners","12","8.3 %","41.7 %","0.20","0",".250",".273",".523",".091","1.6",".333","1","-0.9",".233","45","15491"
"Robbie Grossman","Athletics","15","13.3 %","20.0 %","0.67","1",".267",".231",".497",".077","7.1",".200","1","-1.1",".232","43","5254"
"Luis Rengifo","Angels","15","13.3 %","13.3 %","1.00","0",".267",".250",".517",".083","0.1",".182","1","-1.1",".232","43","19858"
"Jon Lester","Cubs","3","33.3 %","0.0 %","1.00","0",".333",".000",".333",".000","0.1",".000","0","-0.2",".230","39","4930"
"Nick Kingham","Pirates","3","33.3 %","66.7 %","0.50","0",".333",".000",".333",".000","0.1",".000","0","-0.2",".230","40","11694"
"Willie Calhoun","Rangers","3","33.3 %","66.7 %","0.50","0",".333",".000",".333",".000","0.1",".000","0","-0.2",".230","31","17838"
"Tyler Flowers","Braves","32","9.4 %","31.3 %","0.30","0",".219",".310",".529",".172","4.1",".167","2","-2.4",".230","37","9134"
"Hanley Ramirez","Indians","19","10.5 %","36.8 %","0.29","0",".263",".235",".498",".059","0.8",".300","1","-1.4",".229","34","8001"
"Ty France","Padres","21","4.8 %","28.6 %","0.17","0",".190",".350",".540",".200","1.6",".154","1","-1.6",".227","40","17982"
"Austin Romine","Yankees","17","0.0 %","5.9 %","0.00","0",".235",".294",".529",".059","2.6",".250","1","-1.3",".227","35","5491"
"Nick Markakis","Braves","51","5.9 %","9.8 %","0.60","0",".255",".250",".505",".042","1.9",".233","2","-3.9",".226","34","5930"
"Mallex Smith","Mariners","31","12.9 %","29.0 %","0.44","1",".258",".222",".480",".074","8.6",".222","1","-2.4",".224","39","13608"
"Andrew Knapp","Phillies","7","14.3 %","28.6 %","0.50","0",".286",".167",".452",".000","2.6",".250","0","-0.6",".223","35","14942"
"Luke Maile","Blue Jays","19","10.5 %","31.6 %","0.33","0",".211",".294",".505",".176","2.6",".100","1","-1.5",".223","34","13355"
"Steven Duggar","Giants","81","6.2 %","34.6 %","0.18","1",".259",".236",".495",".028","2.7",".319","3","-6.5",".222","36","17719"
"Cole Tucker","Pirates","27","7.4 %","48.1 %","0.15","0",".222",".280",".502",".120","2.0",".273","1","-2.2",".221","35","17326"
"Buster Posey","Giants","50","0.0 %","10.0 %","0.00","0",".220",".306",".526",".082","1.2",".244","2","-4.1",".221","35","9166"
"Kole Calhoun","Angels","63","11.1 %","22.2 %","0.50","0",".238",".236",".474",".109","1.6",".128","3","-5.1",".220","35","11200"
"Scott Schebler","Reds","13","0.0 %","15.4 %","0.00","0",".154",".385",".538",".231","2.6",".100","1","-1.1",".219","30","12225"
"Mookie Betts","Red Sox","58","8.6 %","12.1 %","0.71","0",".276",".264",".540",".057","2.6",".239","2","-4.8",".219","27","13611"
"JaCoby Jones","Tigers","21","0.0 %","42.9 %","0.00","0",".190",".350",".540",".150","0.1",".273","1","-1.7",".219","31","14818"
"Pablo Sandoval","Giants","24","4.2 %","29.2 %","0.14","0",".208",".304",".513",".130","2.6",".250","1","-2.0",".219","34","5409"
"Dereck Rodriguez","Giants","4","0.0 %","75.0 %","0.00","0",".250",".250",".500",".000","0.1","1.000","0","-0.3",".218","34","14509"
"Jason Martin","Pirates","4","0.0 %","25.0 %","0.00","0",".250",".250",".500",".000","0.1",".333","0","-0.3",".218","33","16429"
"Martin Maldonado","Royals","32","6.3 %","28.1 %","0.22","0",".250",".233",".483",".033","1.1",".286","1","-2.7",".218","29","6887"
"Tim Locastro","Diamondbacks","14","0.0 %","35.7 %","0.00","0",".286",".091",".377",".000","2.6",".167","1","-1.2",".217","28","15124"
"Joey Votto","Reds","51","7.8 %","33.3 %","0.24","0",".255",".200",".455",".044","2.4",".250","2","-4.3",".216","28","4314"
"Ji-Man Choi","Rays","33","12.1 %","24.2 %","0.50","0",".273",".179",".451",".000","0.9",".238","1","-2.8",".216","32","5452"
"Jung Ho Kang","Pirates","34","2.9 %","41.2 %","0.07","0",".176",".333",".510",".182","1.1",".176","1","-3.0",".214","30","17182"
"Leonys Martin","Indians","55","7.3 %","32.7 %","0.22","0",".241",".224",".465",".061","3.2",".258","2","-4.8",".214","24","11846"
"Jesus Sucre","Orioles","24","4.2 %","16.7 %","0.25","0",".250",".217",".467",".000","0.6",".263","1","-2.1",".211","25","5942"
"Nick Hundley","Athletics","17","0.0 %","23.5 %","0.00","0",".176",".313",".489",".188","0.1",".091","1","-1.5",".210","28","3376"
"Ramon Laureano","Athletics","53","3.8 %","26.4 %","0.14","1",".226",".245",".471",".061","5.5",".229","2","-4.8",".209","27","17128"
"Maikel Franco","Phillies","44","6.8 %","4.5 %","1.50","0",".227",".268",".496",".098","2.3",".158","1","-4.0",".208","25","12179"
"Brandon Drury","Blue Jays","49","4.1 %","32.7 %","0.13","0",".204",".277",".481",".106","3.9",".258","1","-4.6",".206","23","11615"
"Jason Kipnis","Indians","52","1.9 %","15.4 %","0.13","0",".216",".260",".476",".060","1.2",".238","1","-4.9",".206","19","9776"
"Lourdes Gurriel Jr.","Blue Jays","14","0.0 %","57.1 %","0.00","1",".143",".357",".500",".214","7.5",".200","0","-1.3",".204","21","19238"
"Clint Frazier","Yankees","22","13.6 %","31.8 %","0.43","0",".227",".263",".490",".158","1.1",".091","1","-2.1",".202","18","15983"
"Eric Stamets","Indians","14","14.3 %","35.7 %","0.40","0",".231",".182",".413",".091","2.6",".167","0","-1.4",".201","15","13795"
"Carlos Gonzalez","Indians","35","14.3 %","34.3 %","0.42","0",".257",".133",".390",".000","2.6",".222","1","-3.5",".198","14","7287"
"Carter Kieboom","Nationals","8","12.5 %","25.0 %","0.50","0",".250",".143",".393",".000","2.6",".200","0","-0.8",".195","14","19958"
"Willy Adames","Rays","54","5.6 %","29.6 %","0.19","0",".204",".235",".439",".078","2.6",".206","1","-5.6",".195","18","15986"
"Jonathan Villar","Orioles","67","0.0 %","28.4 %","0.00","0",".179",".284",".463",".104","1.2",".234","1","-6.9",".194","14","10071"
"Nicky Delmonico","White Sox","9","0.0 %","55.6 %","0.00","0",".222",".222",".444",".000","0.1",".500","0","-0.9",".194","16","13157"
"Jonathan Davis","Blue Jays","9","0.0 %","44.4 %","0.00","0",".222",".222",".444",".000","0.1",".400","0","-0.9",".194","15","15104"
"Christian Arroyo","Rays","9","0.0 %","66.7 %","0.00","0",".222",".222",".444",".000","0.1",".667","0","-0.9",".194","17","16434"
"Drew Butera","Rockies","10","10.0 %","10.0 %","1.00","0",".200",".222",".422",".111","2.6",".125","0","-1.1",".192","-2","3411"
"Nick Williams","Phillies","11","0.0 %","45.5 %","0.00","0",".182",".273",".455",".091","2.6",".333","0","-1.2",".191","13","14330"
"Travis d'Arnaud","- - -","21","9.5 %","28.6 %","0.33","0",".238",".158",".396",".000","0.8",".231","0","-2.2",".190","16","7739"
"Brett Gardner","Yankees","34","5.9 %","23.5 %","0.25","0",".206",".219",".425",".063","2.8",".208","1","-3.6",".190","11","9927"
"Welington Castillo","White Sox","26","7.7 %","34.6 %","0.22","0",".231",".136",".367",".045","1.1",".154","0","-2.8",".189","13","3256"
"Rio Ruiz","Orioles","32","3.1 %","34.4 %","0.09","0",".219",".194",".412",".000","0.4",".300","0","-3.5",".185","8","14103"
"Austin Hedges","Padres","26","7.7 %","23.1 %","0.33","0",".192",".182",".374",".136","0.1",".000","0","-2.9",".185","11","12976"
"Joc Pederson","Dodgers","21","0.0 %","33.3 %","0.00","0",".190",".238",".429",".048","2.6",".286","0","-2.4",".183","12","11899"
"Alen Hanson","Blue Jays","23","4.3 %","39.1 %","0.11","1",".217",".190",".408",".000","6.5",".308","0","-2.6",".182","7","12926"
"Jeimer Candelario","Tigers","24","8.3 %","37.5 %","0.22","0",".208",".182",".390",".045","2.6",".231","0","-2.7",".182","6","13621"
"Yangervis Solarte","Giants","37","5.4 %","10.8 %","0.50","0",".222",".206",".428",".029","1.1",".200","0","-4.3",".180","8","5352"
"Austin Dean","Marlins","14","0.0 %","21.4 %","0.00","0",".143",".286",".429",".143","0.1",".182","0","-1.7",".176","7","18288"
"Brian McCann","Braves","12","0.0 %","16.7 %","0.00","0",".167",".273",".439",".091","2.6",".200","0","-1.4",".175","1","4810"
"Max Scherzer","Nationals","5","0.0 %","80.0 %","0.00","0",".200",".200",".400",".000","0.1","1.000","0","-0.6",".175","0","3137"
"Aaron Hicks","Yankees","5","0.0 %","40.0 %","0.00","0",".200",".200",".400",".000","0.1",".333","0","-0.6",".175","0","5297"
"Zack Wheeler","Mets","5","0.0 %","20.0 %","0.00","0",".200",".200",".400",".000","2.6",".250","0","-0.6",".175","8","10310"
"Steven Matz","Mets","5","0.0 %","40.0 %","0.00","0",".200",".200",".400",".000","0.1",".333","0","-0.6",".175","8","13361"
"Colin Moran","Pirates","10","0.0 %","20.0 %","0.00","0",".200",".200",".400",".000","0.1",".250","0","-1.2",".175","4","16909"
"Nathaniel Lowe","Rays","5","0.0 %","60.0 %","0.00","0",".200",".200",".400",".000","2.6",".500","0","-0.6",".175","4","19566"
"Daniel Descalso","Cubs","17","5.9 %","17.6 %","0.33","0",".188",".214",".402",".071","2.6",".167","0","-2.0",".175","2","8392"
"Jesse Winker","Reds","27","11.1 %","7.4 %","1.50","0",".222",".125",".347",".000","1.6",".136","0","-3.3",".174","-1","13590"
"Patrick Wisdom","Rangers","10","10.0 %","50.0 %","0.20","0",".222",".125",".347",".000","0.1",".333","0","-1.2",".174","-6","13602"
"Rich Hill","Dodgers","4","25.0 %","25.0 %","1.00","0",".250",".000",".250",".000","0.1",".000","0","-0.5",".172","4","4806"
"Kyle Hendricks","Cubs","4","25.0 %","75.0 %","0.33","0",".250",".000",".250",".000","0.1",".000","0","-0.5",".172","0","12049"
"Drew Jackson","Orioles","4","25.0 %","25.0 %","1.00","0",".250",".000",".250",".000","0.1",".000","0","-0.5",".172","0","17807"
"Curt Casali","Reds","36","5.6 %","22.2 %","0.25","0",".194",".176",".371",".029","0.1",".192","0","-4.5",".170","-4","12510"
"Francisco Cervelli","Pirates","26","7.7 %","42.3 %","0.18","0",".192",".167",".359",".042","2.0",".231","0","-3.3",".168","-1","5275"
"Chris Owings","Royals","42","4.8 %","47.6 %","0.10","3",".190",".154",".344",".026","7.5",".263","0","-5.5",".162","-8","10030"
"Eloy Jimenez","White Sox","27","3.7 %","37.0 %","0.10","0",".185",".160",".345",".040","0.1",".200","0","-3.5",".162","-5","17484"
"Pablo Reyes","Pirates","26","3.8 %","34.6 %","0.11","0",".192",".160",".352",".000","2.6",".250","0","-3.4",".161","-6","16357"
"Lucas Duda","Royals","14","14.3 %","14.3 %","1.00","0",".214",".083",".298",".000","0.1",".100","0","-1.8",".161","-9","2502"
"Robinson Cano","Mets","50","6.0 %","36.0 %","0.17","0",".200",".130",".330",".000","0.1",".214","0","-6.6",".161","-2","3269"
"Aaron Altherr","Phillies","12","8.3 %","33.3 %","0.25","0",".167",".182",".348",".091","2.6",".143","0","-1.6",".160","-8","11270"
"Phil Gosselin","Phillies","11","0.0 %","18.2 %","0.00","0",".182",".182",".364",".000","2.6",".222","0","-1.5",".159","-8","10953"
"Mac Williamson","Giants","10","10.0 %","30.0 %","0.33","0",".200",".111",".311",".000","0.1",".167","0","-1.4",".156","-8","14158"
"Willians Astudillo","Twins","16","6.3 %","6.3 %","1.00","0",".188",".143",".330",".000","0.1",".143","0","-2.2",".152","-16","15608"
"Jacob Stallings","Pirates","6","0.0 %","33.3 %","0.00","0",".167",".167",".333",".000","0.1",".250","0","-0.9",".146","-16","13723"
"Caleb Smith","Marlins","6","0.0 %","50.0 %","0.00","0",".167",".167",".333",".000","0.1",".333","0","-0.9",".146","-13","14875"
"Tyler Wade","Yankees","6","0.0 %","50.0 %","0.00","0",".167",".167",".333",".000","0.1",".333","0","-0.9",".146","-19","15730"
"Ryan O'Hearn","Royals","25","16.0 %","28.0 %","0.57","0",".200",".050",".250",".000","2.0",".071","-1","-3.6",".145","-20","16442"
"Zack Cozart","Angels","48","8.3 %","12.5 %","0.67","0",".188",".100",".288",".000","1.1",".108","-1","-6.9",".145","-15","2616"
"Vladimir Guerrero Jr.","Blue Jays","23","4.3 %","17.4 %","0.25","0",".174",".136",".310",".000","2.6",".167","-1","-3.4",".144","-19","19611"
"Matt Wieters","Cardinals","5","0.0 %","40.0 %","0.00","0",".200",".000",".200",".000","0.1",".000","0","-0.7",".144","-17","4298"
"Starling Marte","Pirates","39","0.0 %","23.1 %","0.00","1",".132",".211",".342",".079","7.9",".172","-1","-5.7",".142","-18","9241"
"Merrill Kelly","Diamondbacks","5","20.0 %","20.0 %","1.00","0",".200",".000",".200",".000","0.1",".000","0","-0.8",".138","-24","11156"
"Cedric Mullins II","Orioles","18","11.1 %","27.8 %","0.40","0",".176",".067",".243",".000","0.1",".100","-1","-2.8",".133","-27","17929"
"Jedd Gyorko","Cardinals","12","8.3 %","16.7 %","0.50","0",".167",".091",".258",".000","0.1",".111","0","-1.9",".130","-26","10816"
"Blake Swihart","- - -","18","11.1 %","33.3 %","0.33","0",".167",".063",".229",".000","2.6",".100","-1","-2.9",".125","-34","13176"
"Kevin Plawecki","Indians","10","0.0 %","30.0 %","0.00","0",".100",".200",".300",".100","0.1",".143","0","-1.6",".123","-37","13807"
"Pat Valaika","Rockies","17","17.6 %","52.9 %","0.33","0",".176",".000",".176",".000","1.6",".000","-1","-2.8",".122","-49","14885"
"Joey Wendle","Rays","6","0.0 %","33.3 %","0.00","0",".167",".000",".167",".000","0.1",".000","0","-1.0",".120","-33","13853"
"Chris Davis","Orioles","28","3.6 %","42.9 %","0.08","0",".143",".111",".254",".000","1.1",".200","-1","-4.7",".118","-37","9272"
"Jackie Bradley Jr.","Red Sox","47","2.1 %","42.6 %","0.05","1",".130",".133",".264",".022","5.0",".200","-2","-7.9",".118","-41","12984"
"Eric Haase","Indians","6","16.7 %","50.0 %","0.33","0",".167",".000",".167",".000","0.1",".000","0","-1.0",".115","-43","14111"
"Joey Lucchesi","Padres","6","16.7 %","66.7 %","0.25","0",".167",".000",".167",".000","0.1",".000","0","-1.0",".115","-35","19320"
"Connor Joe","Giants","14","7.1 %","28.6 %","0.25","0",".143",".077",".220",".000","2.6",".111","-1","-2.4",".112","-37","16572"
"Luis Castillo","Reds","8","0.0 %","50.0 %","0.00","0",".125",".125",".250",".000","2.6",".250","0","-1.4",".109","-44","15689"
"Tyler O'Neill","Cardinals","8","0.0 %","62.5 %","0.00","0",".125",".125",".250",".000","2.6",".333","0","-1.4",".109","-40","15711"
"Aaron Nola","Phillies","8","12.5 %","50.0 %","0.25","0",".143",".000",".143",".000","0.1",".000","0","-1.5",".099","-49","16149"
"Travis Shaw","Brewers","34","0.0 %","29.4 %","0.00","0",".118",".091",".209",".000","0.1",".130","-2","-6.3",".098","-51","11982"
"Robbie Ray","Diamondbacks","9","0.0 %","77.8 %","0.00","0",".111",".111",".222",".000","0.1",".500","-1","-1.7",".097","-52","11486"
"Zach Davies","Brewers","8","12.5 %","62.5 %","0.20","0",".125",".000",".125",".000","0.1",".000","-1","-1.6",".086","-59","13183"
"Roman Quinn","Phillies","8","12.5 %","62.5 %","0.20","0",".125",".000",".125",".000","0.1",".000","-1","-1.6",".086","-57","13546"
"Rosell Herrera","Marlins","29","3.4 %","24.1 %","0.14","1",".103",".071",".175",".000","6.8",".095","-2","-5.7",".084","-54","11611"
"Yonathan Daza","Rockies","9","11.1 %","22.2 %","0.50","0",".111",".000",".111",".000","0.1",".000","-1","-1.8",".077","-79","15794"
"Peter Bourjos","Angels","26","0.0 %","34.6 %","0.00","1",".077",".077",".154",".000","7.3",".118","-2","-5.5",".067","-67","2578"
"Frank Schwindel","Royals","13","0.0 %","7.7 %","0.00","0",".077",".077",".154",".000","0.1",".083","-1","-2.7",".067","-72","15351"
"Steve Wilkerson","Orioles","22","4.5 %","50.0 %","0.09","0",".091",".000",".091",".000","5.0",".000","-2","-4.7",".064","-73","16041"
"Max Moroff","Indians","11","9.1 %","36.4 %","0.25","0",".091",".000",".091",".000","2.6",".000","-1","-2.4",".063","-78","14556"
"Braden Bishop","Mariners","14","0.0 %","28.6 %","0.00","0",".071",".071",".143",".000","2.6",".100","-1","-3.0",".062","-69","17806"
"Isaac Galloway","Marlins","15","0.0 %","33.3 %","0.00","0",".067",".067",".133",".000","2.6",".100","-1","-3.3",".058","-71","5238"
"Peter O'Brien","Marlins","15","0.0 %","46.7 %","0.00","0",".067",".067",".133",".000","0.1",".125","-1","-3.3",".058","-71","13288"
"Jeff Mathis","Rangers","15","6.7 %","20.0 %","0.33","0",".067",".000",".067",".000","2.6",".000","-2","-3.4",".046","-92","3448"
"Sean Doolittle","Nationals","1","0.0 %","100.0 %","0.00","0",".000",".000",".000",".000","0.1",".000","0","-0.3",".000","-100","1581"
"Clayton Kershaw","Dodgers","3","0.0 %","33.3 %","0.00","0",".000",".000",".000",".000","0.1",".000","0","-0.8",".000","-100","2036"
"Adam Wainwright","Cardinals","7","0.0 %","57.1 %","0.00","0",".000",".000",".000",".000","0.1",".000","-1","-1.9",".000","-100","2233"
"Corey Kluber","Indians","1","0.0 %","100.0 %","0.00","0",".000",".000",".000",".000","0.1",".000","0","-0.3",".000","-100","2429"
"Lance Lynn","Rangers","2","0.0 %","100.0 %","0.00","0",".000",".000",".000",".000","0.1",".000","0","-0.5",".000","-100","2520"
"Jhoulys Chacin","Brewers","3","0.0 %","66.7 %","0.00","0",".000",".000",".000",".000","0.1",".000","0","-0.8",".000","-100","2608"
"Kenley Jansen","Dodgers","1","0.0 %","100.0 %","0.00","0",".000",".000",".000",".000","0.1",".000","0","-0.3",".000","-100","3096"
"T.J. McFarland","Diamondbacks","1","0.0 %","0.0 %","0.00","0",".000",".000",".000",".000","0.1",".000","0","-0.3",".000","-100","3237"
"Jeff Samardzija","Giants","2","0.0 %","0.0 %","0.00","0",".000",".000",".000",".000","0.1",".000","0","-0.5",".000","-100","3254"
"Anibal Sanchez","Nationals","2","0.0 %","100.0 %","0.00","0",".000",".000",".000",".000","0.1",".000","0","-0.5",".000","-100","3284"
"Yusmeiro Petit","Athletics","1","0.0 %","0.0 %","0.00","0",".000",".000",".000",".000","0.1",".000","0","-0.3",".000","-100","4020"
"Derek Holland","Giants","6","0.0 %","66.7 %","0.00","0",".000",".000",".000",".000","0.1",".000","-1","-1.6",".000","-100","4141"
"Tyler Chatwood","Cubs","2","0.0 %","50.0 %","0.00","0",".000",".000",".000",".000","0.1",".000","0","-0.5",".000","-100","4338"
"Jeremy Hellickson","Nationals","2","0.0 %","50.0 %","0.00","0",".000",".000",".000",".000","0.1",".000","0","-0.5",".000","-100","4371"
"Charlie Morton","Rays","2","0.0 %","100.0 %","0.00","0",".000",".000",".000",".000","0.1",".000","0","-0.5",".000","-100","4676"
"Giancarlo Stanton","Yankees","3","0.0 %","100.0 %","0.00","0",".000",".000",".000",".000","0.1",".000","0","-0.8",".000","-100","4949"
"Cole Hamels","Cubs","4","0.0 %","50.0 %","0.00","0",".000",".000",".000",".000","0.1",".000","-1","-1.1",".000","-100","4972"
"Jose Pirela","Padres","1","0.0 %","100.0 %","0.00","0",".000",".000",".000",".000","0.1",".000","0","-0.3",".000","-100","5485"
"Kyle Higashioka","Yankees","2","0.0 %","0.0 %","0.00","0",".000",".000",".000",".000","0.1",".000","0","-0.5",".000","-100","5517"
"Chris Archer","Pirates","1","0.0 %","0.0 %","0.00","0",".000",".000",".000",".000","0.1",".000","0","-0.3",".000","-100","6345"
"Steve Cishek","Cubs","1","0.0 %","0.0 %","0.00","0",".000",".000",".000",".000","0.1",".000","0","-0.3",".000","-100","6483"
"Brad Brach","Cubs","1","0.0 %","0.0 %","0.00","0",".000",".000",".000",".000","0.1",".000","0","-0.3",".000","-100","6627"
"Julio Teheran","Braves","5","0.0 %","0.0 %","0.00","0",".000",".000",".000",".000","0.1",".000","-1","-1.3",".000","-100","6797"
"Chase Anderson","Brewers","1","0.0 %","100.0 %","0.00","0",".000",".000",".000",".000","0.1",".000","0","-0.3",".000","-100","6895"
"Jake Elmore","Pirates","8","0.0 %","12.5 %","0.00","0",".000",".000",".000",".000","0.1",".000","-1","-2.1",".000","-100","7290"
"J.A. Happ","Yankees","2","0.0 %","0.0 %","0.00","0",".000",".000",".000",".000","0.1",".000","0","-0.5",".000","-100","7410"
"Gio Gonzalez","Brewers","3","0.0 %","66.7 %","0.00","0",".000",".000",".000",".000","0.1",".000","0","-0.8",".000","-100","7448"
"Nick Vincent","Giants","1","0.0 %","100.0 %","0.00","0",".000",".000",".000",".000","0.1",".000","0","-0.3",".000","-100","7555"
"Jordan Lyles","Pirates","4","0.0 %","100.0 %","0.00","0",".000",".000",".000",".000","0.1",".000","-1","-1.1",".000","-100","7593"
"Dustin Pedroia","Red Sox","3","0.0 %","0.0 %","0.00","0",".000",".000",".000",".000","0.1",".000","0","-0.8",".000","-100","8370"
"Tanner Roark","Reds","1","0.0 %","0.0 %","0.00","0",".000",".000",".000",".000","0.1",".000","0","-0.3",".000","-100","8753"
"Patrick Corbin","Nationals","6","0.0 %","33.3 %","0.00","0",".000",".000",".000",".000","0.1",".000","-1","-1.6",".000","-100","9323"
"Josh Tomlin","Braves","1","0.0 %","0.0 %","0.00","0",".000",".000",".000",".000","0.1",".000","0","-0.3",".000","-100","9388"
"Miles Mikolas","Cardinals","2","0.0 %","50.0 %","0.00","0",".000",".000",".000",".000","0.1",".000","0","-0.5",".000","-100","9803"
"Max Stassi","Astros","12","0.0 %","25.0 %","0.00","0",".000",".000",".000",".000","0.1",".000","-2","-3.2",".000","-100","10059"
"Stephen Strasburg","Nationals","9","0.0 %","55.6 %","0.00","0",".000",".000",".000",".000","0.1",".000","-1","-2.4",".000","-100","10131"
"Tyler Skaggs","Angels","1","0.0 %","100.0 %","0.00","0",".000",".000",".000",".000","0.1",".000","0","-0.3",".000","-100","10190"
"Chad Bettis","Rockies","3","0.0 %","33.3 %","0.00","0",".000",".000",".000",".000","0.1",".000","0","-0.8",".000","-100","10587"
"Mike Foltynewicz","Braves","4","0.0 %","50.0 %","0.00","0",".000",".000",".000",".000","0.1",".000","-1","-1.1",".000","-100","10811"
"Greg Garcia","Padres","5","0.0 %","60.0 %","0.00","0",".000",".000",".000",".000","0.1",".000","-1","-1.3",".000","-100","10951"
"Vince Velasquez","Phillies","2","0.0 %","0.0 %","0.00","0",".000",".000",".000",".000","0.1",".000","0","-0.5",".000","-100","11189"
"Adrian Sanchez","Nationals","5","0.0 %","20.0 %","0.00","0",".000",".000",".000",".000","0.1",".000","-1","-1.3",".000","-100","11338"
"Jose Quintana","Cubs","4","0.0 %","75.0 %","0.00","0",".000",".000",".000",".000","0.1",".000","-1","-1.1",".000","-100","11423"
"Drew Pomeranz","Giants","6","0.0 %","66.7 %","0.00","0",".000",".000",".000",".000","0.1",".000","-1","-1.6",".000","-100","11426"
"Jose Urena","Marlins","4","0.0 %","75.0 %","0.00","0",".000",".000",".000",".000","0.1",".000","-1","-1.1",".000","-100","11589"
"Jameson Taillon","Pirates","2","0.0 %","0.0 %","0.00","0",".000",".000",".000",".000","0.1",".000","0","-0.5",".000","-100","11674"
"Noah Syndergaard","Mets","5","0.0 %","80.0 %","0.00","0",".000",".000",".000",".000","0.1",".000","-1","-1.3",".000","-100","11762"
"James Paxton","Yankees","3","0.0 %","66.7 %","0.00","0",".000",".000",".000",".000","0.1",".000","0","-0.8",".000","-100","11828"
"Noel Cuevas","Rockies","2","0.0 %","0.0 %","0.00","0",".000",".000",".000",".000","0.1",".000","0","-0.5",".000","-100","11894"
"Cody Allen","Angels","1","0.0 %","100.0 %","0.00","0",".000",".000",".000",".000","0.1",".000","0","-0.3",".000","-100","12183"
"Alex Dickerson","Padres","4","0.0 %","50.0 %","0.00","0",".000",".000",".000",".000","0.1",".000","-1","-1.1",".000","-100","12649"
"Jerad Eickhoff","Phillies","1","0.0 %","100.0 %","0.00","0",".000",".000",".000",".000","0.1",".000","0","-0.3",".000","-100","12664"
"Sonny Gray","Reds","2","0.0 %","50.0 %","0.00","0",".000",".000",".000",".000","0.1",".000","0","-0.5",".000","-100","12768"
"Taylor Davis","Cubs","1","0.0 %","0.0 %","0.00","0",".000",".000",".000",".000","0.1",".000","0","-0.3",".000","-100","12782"
"Tyler Anderson","Rockies","2","0.0 %","50.0 %","0.00","0",".000",".000",".000",".000","0.1",".000","0","-0.5",".000","-100","12880"
"Socrates Brito","Blue Jays","2","0.0 %","0.0 %","0.00","0",".000",".000",".000",".000","0.1",".000","0","-0.5",".000","-100","12944"
"Joe Musgrove","Pirates","5","0.0 %","60.0 %","0.00","0",".000",".000",".000",".000","0.1",".000","-1","-1.3",".000","-100","12970"
"Anthony DeSclafani","Reds","4","0.0 %","75.0 %","0.00","0",".000",".000",".000",".000","0.1",".000","-1","-1.1",".000","-100","13050"
"Yu Darvish","Cubs","1","0.0 %","100.0 %","0.00","0",".000",".000",".000",".000","0.1",".000","0","-0.3",".000","-100","13074"
"Mikie Mahtook","Tigers","3","0.0 %","33.3 %","0.00","0",".000",".000",".000",".000","0.1",".000","0","-0.8",".000","-100","13130"
"Michael Reed","Giants","6","0.0 %","66.7 %","0.00","0",".000",".000",".000",".000","0.1",".000","-1","-1.6",".000","-100","13228"
"Ross Stripling","Dodgers","6","0.0 %","0.0 %","0.00","0",".000",".000",".000",".000","0.1",".000","-1","-1.6",".000","-100","13273"
"Jake Lamb","Diamondbacks","3","0.0 %","66.7 %","0.00","0",".000",".000",".000",".000","0.1",".000","0","-0.8",".000","-100","13329"
"Adrian Sampson","Rangers","1","0.0 %","100.0 %","0.00","0",".000",".000",".000",".000","0.1",".000","0","-0.3",".000","-100","13339"
"Luis Cessa","Yankees","1","0.0 %","100.0 %","0.00","0",".000",".000",".000",".000","0.1",".000","0","-0.3",".000","-100","13345"
"Matt Koch","Diamondbacks","1","0.0 %","100.0 %","0.00","0",".000",".000",".000",".000","0.1",".000","0","-0.3",".000","-100","13420"
"Corey Oswalt","Mets","1","0.0 %","0.0 %","0.00","0",".000",".000",".000",".000","0.1",".000","0","-0.3",".000","-100","13677"
"Michael Wacha","Cardinals","2","0.0 %","50.0 %","0.00","0",".000",".000",".000",".000","0.1",".000","0","-0.5",".000","-100","14078"
"Kevin Gausman","Braves","6","0.0 %","83.3 %","0.00","0",".000",".000",".000",".000","0.1",".000","-1","-1.6",".000","-100","14107"
"Andrew Velazquez","Rays","0","0.0 %","0.0 %","0.00","0",".000",".000",".000",".000","0.1",".000","0","0.0",".000","","14196"
"Anthony Alford","Blue Jays","1","0.0 %","0.0 %","0.00","0",".000",".000",".000",".000","0.1",".000","0","-0.3",".000","-100","14329"
"Randy Rosario","Cubs","1","0.0 %","0.0 %","0.00","0",".000",".000",".000",".000","0.1",".000","0","-0.3",".000","-100","14508"
"Harold Castro","Tigers","1","0.0 %","100.0 %","0.00","0",".000",".000",".000",".000","0.1",".000","0","-0.3",".000","-100","14691"
"Dawel Lugo","Tigers","3","0.0 %","0.0 %","0.00","0",".000",".000",".000",".000","0.1",".000","0","-0.8",".000","-100","14713"
"Julio Urias","Dodgers","1","0.0 %","100.0 %","0.00","0",".000",".000",".000",".000","0.1",".000","0","-0.3",".000","-100","14765"
"Zack Godley","Diamondbacks","3","0.0 %","100.0 %","0.00","0",".000",".000",".000",".000","0.1",".000","0","-0.8",".000","-100","14862"
"Daniel Palka","White Sox","6","0.0 %","16.7 %","0.00","0",".000",".000",".000",".000","0.1",".000","-1","-1.6",".000","-100","14897"
"Jon Gray","Rockies","6","0.0 %","33.3 %","0.00","0",".000",".000",".000",".000","0.1",".000","-1","-1.6",".000","-100","14916"
"Yency Almonte","Rockies","1","0.0 %","0.0 %","0.00","0",".000",".000",".000",".000","0.1",".000","0","-0.3",".000","-100","15068"
"Jimmie Sherfy","Diamondbacks","2","0.0 %","100.0 %","0.00","0",".000",".000",".000",".000","0.1",".000","0","-0.5",".000","-100","15118"
"Drew Anderson","Phillies","1","0.0 %","100.0 %","0.00","0",".000",".000",".000",".000","0.1",".000","0","-0.3",".000","-100","15130"
"Cody Reed","Reds","1","0.0 %","100.0 %","0.00","0",".000",".000",".000",".000","0.1",".000","0","-0.3",".000","-100","15232"
"Shane Carle","Braves","1","0.0 %","100.0 %","0.00","0",".000",".000",".000",".000","0.1",".000","0","-0.3",".000","-100","15258"
"Nick Pivetta","Phillies","1","0.0 %","100.0 %","0.00","0",".000",".000",".000",".000","0.1",".000","0","-0.3",".000","-100","15454"
"Antonio Senzatela","Rockies","11","0.0 %","54.5 %","0.00","0",".000",".000",".000",".000","0.1",".000","-2","-2.9",".000","-100","15488"
"Wander Suero","Nationals","1","0.0 %","100.0 %","0.00","0",".000",".000",".000",".000","0.1",".000","0","-0.3",".000","-100","15855"
"Miguel Andujar","Yankees","11","0.0 %","27.3 %","0.00","0",".000",".000",".000",".000","0.1",".000","-2","-2.9",".000","-100","15878"
"Mike Gerber","Giants","5","0.0 %","60.0 %","0.00","0",".000",".000",".000",".000","0.1",".000","-1","-1.3",".000","-100","16115"
"Kevin Cron","Diamondbacks","1","0.0 %","100.0 %","0.00","0",".000",".000",".000",".000","0.1",".000","0","-0.3",".000","-100","16211"
"Kyle Freeland","Rockies","3","0.0 %","33.3 %","0.00","0",".000",".000",".000",".000","0.1",".000","0","-0.8",".000","-100","16256"
"Tyler Mahle","Reds","5","0.0 %","60.0 %","0.00","0",".000",".000",".000",".000","0.1",".000","-1","-1.3",".000","-100","16358"
"Yonny Chirinos","Rays","2","0.0 %","100.0 %","0.00","0",".000",".000",".000",".000","0.1",".000","0","-0.5",".000","-100","16401"
"Luis Guillorme","Mets","1","0.0 %","0.0 %","0.00","0",".000",".000",".000",".000","0.1",".000","0","-0.3",".000","-100","16451"
"Erik Swanson","Mariners","2","0.0 %","50.0 %","0.00","0",".000",".000",".000",".000","0.1",".000","0","-0.5",".000","-100","16587"
"Luis Urias","Padres","6","0.0 %","66.7 %","0.00","0",".000",".000",".000",".000","0.1",".000","-1","-1.6",".000","-100","16622"
"Montana DuRapau","Pirates","1","0.0 %","0.0 %","0.00","0",".000",".000",".000",".000","0.1",".000","0","-0.3",".000","-100","16768"
"Josh Fuentes","Rockies","9","0.0 %","55.6 %","0.00","0",".000",".000",".000",".000","0.1",".000","-1","-2.4",".000","-100","16885"
"Luke Weaver","Diamondbacks","5","0.0 %","20.0 %","0.00","0",".000",".000",".000",".000","0.1",".000","-1","-1.3",".000","-100","16918"
"Touki Toussaint","Braves","1","0.0 %","100.0 %","0.00","0",".000",".000",".000",".000","0.1",".000","0","-0.3",".000","-100","16929"
"Lane Thomas","Cardinals","1","0.0 %","0.0 %","0.00","0",".000",".000",".000",".000","0.1",".000","0","-0.3",".000","-100","16939"
"Sean Newcomb","Braves","2","0.0 %","100.0 %","0.00","0",".000",".000",".000",".000","0.1",".000","0","-0.5",".000","-100","16943"
"Trevor Williams","Pirates","5","0.0 %","40.0 %","0.00","0",".000",".000",".000",".000","0.1",".000","-1","-1.3",".000","-100","16977"
"Alex Jackson","Braves","6","16.7 %","33.3 %","0.50","0",".167",".000",".167",".000","0.1",".000","-1","-1.6",".000","-100","17276"
"Jeff Hoffman","Rockies","4","0.0 %","50.0 %","0.00","0",".000",".000",".000",".000","0.1",".000","-1","-1.1",".000","-100","17432"
"Taylor Ward","Angels","3","0.0 %","66.7 %","0.00","0",".000",".000",".000",".000","0.1",".000","0","-0.8",".000","-100","17548"
"Christin Stewart","Tigers","9","0.0 %","11.1 %","0.00","0",".000",".000",".000",".000","0.1",".000","-1","-2.4",".000","-100","17714"
"Skye Bolt","Athletics","2","0.0 %","50.0 %","0.00","0",".000",".000",".000",".000","0.1",".000","0","-0.5",".000","-100","17723"
"Kyle Garlick","Dodgers","1","0.0 %","0.0 %","0.00","0",".000",".000",".000",".000","0.1",".000","0","-0.3",".000","-100","18063"
"Mike Soroka","Braves","5","0.0 %","40.0 %","0.00","0",".000",".000",".000",".000","0.1",".000","-1","-1.3",".000","-100","18383"
"Sandy Alcantara","Marlins","4","0.0 %","75.0 %","0.00","0",".000",".000",".000",".000","0.1",".000","-1","-1.1",".000","-100","18684"
"Seranthony Dominguez","Phillies","1","0.0 %","100.0 %","0.00","0",".000",".000",".000",".000","0.1",".000","0","-0.3",".000","-100","19249"
"Cavan Biggio","Blue Jays","3","0.0 %","66.7 %","0.00","0",".000",".000",".000",".000","0.1",".000","0","-0.8",".000","-100","19252"
"Cal Quantrill","Padres","2","0.0 %","0.0 %","0.00","0",".000",".000",".000",".000","0.1",".000","0","-0.5",".000","-100","19312"
"Eric Lauer","Padres","8","0.0 %","50.0 %","0.00","0",".000",".000",".000",".000","0.1",".000","-1","-2.1",".000","-100","19316"
"Walker Buehler","Dodgers","8","0.0 %","25.0 %","0.00","0",".000",".000",".000",".000","0.1",".000","-1","-2.1",".000","-100","19374"
"Jon Duplantier","Diamondbacks","1","0.0 %","0.0 %","0.00","0",".000",".000",".000",".000","0.1",".000","0","-0.3",".000","-100","19546"
"Jake Noll","Nationals","1","0.0 %","0.0 %","0.00","0",".000",".000",".000",".000","0.1",".000","0","-0.3",".000","-100","19703"
"Chris Paddack","Padres","2","0.0 %","0.0 %","0.00","0",".000",".000",".000",".000","0.1",".000","0","-0.5",".000","-100","20099"
"Nick Margevicius","Padres","1","0.0 %","100.0 %","0.00","0",".000",".000",".000",".000","0.1",".000","0","-0.3",".000","-100","20395"
